date,temperature_2m_max,temperature_2m_min,temperature_2m_mean,rain_sum,precipitation_hours,wind_speed_10m_max,shortwave_radiation_sum,id
2020-01-01,24.7,6.4,15.0,0.0,0.0,18.2,19.36,0
2020-01-02,21.9,10.4,15.2,0.0,0.0,19.8,18.18,1
2020-01-03,23.8,6.7,14.2,0.0,0.0,16.6,18.19,2
2020-01-04,17.7,5.8,10.4,0.0,0.0,20.2,18.17,3
2020-01-05,21.7,4.9,11.8,0.0,0.0,11.3,19.99,4
2020-01-06,24.1,6.1,14.4,0.0,0.0,8.4,20.21,5
2020-01-07,20.3,5.9,14.2,0.0,0.0,17.4,20.4,6
2020-01-08,21.9,4.5,12.5,0.0,0.0,15.0,19.79,7
2020-01-09,23.9,6.4,14.3,0.0,0.0,17.4,19.97,8
2020-01-10,24.8,4.6,14.2,0.0,0.0,14.5,20.56,9
2020-01-11,23.6,7.4,15.5,0.0,0.0,19.8,20.36,10
2020-01-12,23.8,6.2,14.8,0.0,0.0,13.4,20.1,11
2020-01-13,23.9,10.4,16.7,0.0,0.0,13.0,20.11,12
2020-01-14,24.3,9.4,16.5,0.0,0.0,17.8,19.65,13
2020-01-15,23.9,9.7,16.3,0.1,1.0,15.2,17.37,14
2020-01-16,22.7,12.2,16.2,0.7,5.0,21.9,17.24,15
2020-01-17,23.5,10.5,15.4,0.0,0.0,19.4,18.4,16
2020-01-18,22.2,10.5,15.5,2.5,3.0,25.0,16.9,17
2020-01-19,17.4,10.9,13.1,16.3,16.0,19.3,9.84,18
2020-01-20,16.5,7.5,11.6,1.3,7.0,15.8,10.77,19
2020-01-21,17.1,3.7,9.6,0.1,1.0,10.9,17.9,20
2020-01-22,20.8,4.0,12.6,0.0,0.0,13.8,20.81,21
2020-01-23,19.2,5.8,12.1,0.1,1.0,20.5,14.1,22
2020-01-24,18.5,9.5,13.1,0.0,0.0,21.6,14.56,23
2020-01-25,21.8,5.8,13.4,0.0,0.0,13.7,18.28,24
2020-01-26,21.1,5.6,13.2,0.0,0.0,16.6,18.21,25
2020-01-27,23.3,7.1,14.1,0.0,0.0,15.6,21.75,26
2020-01-28,23.1,2.5,12.8,0.0,0.0,13.0,21.91,27
2020-01-29,23.8,6.6,14.1,0.0,0.0,16.1,21.95,28
2020-01-30,22.5,5.5,13.6,0.0,0.0,16.6,20.66,29
2020-01-31,22.8,7.0,14.7,0.0,0.0,21.1,17.79,30
2020-02-01,19.9,6.9,12.4,0.0,0.0,25.0,17.22,31
2020-02-02,22.0,8.0,14.1,0.0,0.0,9.7,13.09,32
2020-02-03,23.1,6.7,14.6,0.0,0.0,21.7,20.67,33
2020-02-04,22.7,7.1,15.1,0.0,0.0,19.5,18.0,34
2020-02-05,19.7,8.7,14.3,2.2,7.0,18.7,11.69,35
2020-02-06,24.8,9.2,16.0,2.2,5.0,16.4,21.77,36
2020-02-07,26.3,5.5,15.1,0.0,0.0,17.8,21.55,37
2020-02-08,25.8,5.8,15.4,0.0,0.0,15.2,23.38,38
2020-02-09,26.1,6.5,16.2,0.0,0.0,12.3,22.85,39
2020-02-10,27.7,11.1,18.3,0.0,0.0,19.6,22.16,40
2020-02-11,27.3,13.3,19.4,0.0,0.0,19.6,22.92,41
2020-02-12,26.2,8.0,16.3,0.0,0.0,17.3,23.75,42
2020-02-13,24.7,8.7,16.2,0.4,2.0,22.9,22.28,43
2020-02-14,23.8,7.7,15.0,0.4,4.0,18.1,21.38,44
2020-02-15,25.6,7.2,16.2,0.0,0.0,20.8,22.76,45
2020-02-16,27.8,10.8,19.2,0.0,0.0,17.9,24.26,46
2020-02-17,28.2,11.2,19.3,0.0,0.0,10.5,25.16,47
2020-02-18,29.2,9.8,19.7,0.0,0.0,14.5,24.85,48
2020-02-19,27.6,12.7,19.7,0.0,0.0,19.7,25.02,49
2020-02-20,27.5,9.7,17.1,0.0,0.0,27.4,25.01,50
2020-02-21,23.1,9.5,15.1,0.0,0.0,26.2,19.54,51
2020-02-22,26.1,7.0,16.0,0.0,0.0,14.1,23.17,52
2020-02-23,27.9,9.8,19.4,0.0,0.0,20.8,23.62,53
2020-02-24,30.1,13.1,20.6,0.0,0.0,17.4,24.81,54
2020-02-25,28.0,7.9,18.1,0.0,0.0,20.4,25.34,55
2020-02-26,22.0,3.7,14.2,0.0,0.0,29.4,23.91,56
2020-02-27,23.7,2.0,12.4,0.0,0.0,21.7,23.3,57
2020-02-28,24.7,11.7,16.9,0.0,0.0,27.4,22.5,58
2020-02-29,27.3,7.0,16.9,0.0,0.0,17.5,24.87,59
2020-03-01,28.5,8.7,18.8,0.0,0.0,10.1,22.76,60
2020-03-02,28.5,10.8,19.3,0.0,0.0,17.5,21.75,61
2020-03-03,27.6,9.5,18.4,0.0,0.0,20.5,25.99,62
2020-03-04,28.3,6.8,18.2,0.0,0.0,15.3,26.18,63
2020-03-05,27.3,11.0,17.7,0.0,0.0,28.0,23.87,64
2020-03-06,23.2,7.3,13.1,0.0,0.0,19.4,21.75,65
2020-03-07,25.2,5.5,14.1,0.0,0.0,21.4,23.53,66
2020-03-08,26.3,8.0,16.2,0.0,0.0,23.7,25.74,67
2020-03-09,27.5,8.6,17.9,0.0,0.0,20.6,25.31,68
2020-03-10,26.8,9.4,17.5,0.1,1.0,19.9,23.6,69
2020-03-11,26.4,11.2,18.3,0.0,0.0,16.4,21.34,70
2020-03-12,28.4,10.8,20.5,0.0,0.0,17.2,22.75,71
2020-03-13,27.4,13.0,20.7,0.0,0.0,19.9,22.12,72
2020-03-14,28.8,12.8,19.9,0.1,1.0,23.1,23.21,73
2020-03-15,27.5,13.1,19.7,0.1,1.0,25.4,23.23,74
2020-03-16,25.1,12.3,16.8,4.2,4.0,20.8,19.27,75
2020-03-17,25.0,10.2,17.9,0.0,0.0,12.8,23.4,76
2020-03-18,25.5,10.4,17.9,0.1,1.0,22.8,20.19,77
2020-03-19,28.3,11.6,19.8,0.3,2.0,21.9,24.23,78
2020-03-20,28.5,12.2,20.1,0.4,2.0,23.5,24.89,79
2020-03-21,25.3,13.4,18.7,1.7,6.0,17.3,21.81,80
2020-03-22,28.6,10.8,19.1,0.0,0.0,16.8,27.13,81
2020-03-23,28.9,11.5,20.3,0.0,0.0,14.6,28.8,82
2020-03-24,30.9,11.5,21.5,0.0,0.0,18.8,28.81,83
2020-03-25,31.1,15.0,22.7,0.0,0.0,11.3,28.8,84
2020-03-26,31.5,13.8,21.9,0.0,0.0,22.2,28.89,85
2020-03-27,31.2,9.3,20.1,0.0,0.0,25.6,29.04,86
2020-03-28,30.4,11.0,20.7,0.0,0.0,25.3,28.02,87
2020-03-29,29.7,12.6,20.5,0.0,0.0,24.7,28.4,88
2020-03-30,29.5,12.8,21.2,0.0,0.0,11.9,28.86,89
2020-03-31,29.4,13.6,21.0,0.0,0.0,28.0,28.75,90
2020-04-01,27.2,12.0,19.7,0.4,2.0,17.4,25.39,91
2020-04-02,27.0,13.7,20.1,0.2,2.0,16.6,22.08,92
2020-04-03,24.4,12.6,18.6,0.7,5.0,18.6,18.74,93
2020-04-04,25.8,10.5,18.9,0.0,0.0,12.1,20.87,94
2020-04-05,29.9,12.5,20.2,0.0,0.0,24.7,23.88,95
2020-04-06,28.5,10.7,20.0,0.0,0.0,16.8,24.26,96
2020-04-07,26.8,13.0,20.3,0.0,0.0,13.5,21.59,97
2020-04-08,28.0,12.5,20.8,0.1,1.0,16.4,23.99,98
2020-04-09,29.0,13.1,20.9,0.0,0.0,21.7,24.43,99
2020-04-10,29.0,12.6,21.1,0.2,1.0,16.2,26.62,100
2020-04-11,31.4,12.3,21.4,0.0,0.0,23.0,28.56,101
2020-04-12,30.1,12.2,21.3,0.0,0.0,18.1,27.88,102
2020-04-13,30.7,11.1,21.0,0.0,0.0,17.7,28.47,103
2020-04-14,31.3,14.0,22.4,0.0,0.0,17.9,28.2,104
2020-04-15,27.7,14.3,21.1,0.0,0.0,19.6,22.69,105
2020-04-16,30.1,12.7,21.2,0.4,1.0,18.4,25.4,106
2020-04-17,29.2,13.9,21.1,0.0,0.0,17.2,24.02,107
2020-04-18,29.7,13.7,21.3,0.2,1.0,18.7,25.17,108
2020-04-19,29.5,12.3,20.8,0.0,0.0,18.2,24.29,109
2020-04-20,29.9,13.3,21.6,0.1,1.0,20.7,26.14,110
2020-04-21,28.3,13.6,20.8,0.4,1.0,18.9,21.05,111
2020-04-22,29.4,13.4,20.6,1.6,1.0,16.1,22.82,112
2020-04-23,28.5,13.3,21.0,0.0,0.0,13.1,22.98,113
2020-04-24,28.7,14.0,21.3,0.3,2.0,18.3,23.62,114
2020-04-25,27.8,13.0,19.7,3.8,6.0,20.3,20.98,115
2020-04-26,25.2,13.2,17.9,3.3,4.0,23.9,23.53,116
2020-04-27,25.4,12.3,18.9,0.2,2.0,15.7,25.24,117
2020-04-28,27.4,11.0,18.8,0.8,2.0,25.5,22.59,118
2020-04-29,26.9,10.2,18.5,0.6,4.0,23.2,22.69,119
2020-04-30,25.9,11.8,17.0,5.6,8.0,24.7,25.55,120
2020-05-01,23.8,9.0,15.6,1.1,4.0,29.2,21.54,121
2020-05-02,25.6,8.6,17.2,0.0,0.0,17.4,27.14,122
2020-05-03,28.8,9.5,19.3,0.0,0.0,20.7,29.87,123
2020-05-04,29.9,11.3,21.3,0.0,0.0,19.1,26.82,124
2020-05-05,28.6,14.2,20.2,3.5,4.0,21.3,24.45,125
2020-05-06,25.5,12.4,17.8,6.7,11.0,28.3,25.26,126
2020-05-07,21.0,11.8,15.7,3.6,8.0,13.8,18.43,127
2020-05-08,23.8,8.7,16.5,1.5,4.0,12.8,25.13,128
2020-05-09,22.1,11.4,15.9,4.3,7.0,13.4,22.98,129
2020-05-10,23.8,12.1,17.0,3.6,6.0,16.4,23.85,130
2020-05-11,22.5,10.7,16.3,0.6,4.0,12.1,19.97,131
2020-05-12,25.0,9.9,18.1,0.1,1.0,11.2,25.53,132
2020-05-13,26.5,10.4,19.0,0.0,0.0,15.1,23.82,133
2020-05-14,26.5,11.8,19.4,0.0,0.0,16.8,24.74,134
2020-05-15,28.3,11.0,20.0,0.0,0.0,26.0,21.83,135
2020-05-16,29.5,10.2,19.7,0.0,0.0,18.1,27.2,136
2020-05-17,28.0,11.6,20.4,0.0,0.0,26.6,24.75,137
2020-05-18,27.7,12.7,20.9,0.0,0.0,15.1,24.63,138
2020-05-19,28.1,12.5,21.1,0.0,0.0,22.7,24.3,139
2020-05-20,28.1,12.8,21.3,0.3,2.0,14.5,22.87,140
2020-05-21,29.4,13.5,20.9,0.3,3.0,22.1,23.41,141
2020-05-22,28.3,13.1,20.8,0.1,1.0,19.8,25.57,142
2020-05-23,29.4,12.8,21.1,0.0,0.0,24.5,23.8,143
2020-05-24,29.8,14.0,21.4,0.0,0.0,17.6,25.65,144
2020-05-25,30.1,11.7,21.5,0.0,0.0,24.7,29.92,145
2020-05-26,30.9,11.1,21.6,0.0,0.0,20.2,30.0,146
2020-05-27,28.6,13.3,21.2,0.1,1.0,27.8,24.86,147
2020-05-28,27.6,12.3,19.3,5.5,5.0,22.7,23.6,148
2020-05-29,25.5,11.8,17.9,1.4,6.0,23.3,23.85,149
2020-05-30,24.3,10.8,16.7,0.3,2.0,21.3,23.58,150
2020-05-31,23.9,11.7,16.8,15.1,8.0,11.7,18.84,151
2020-06-01,25.3,12.8,18.5,4.8,11.0,23.5,22.89,152
2020-06-02,26.0,13.3,18.9,0.9,5.0,28.0,24.23,153
2020-06-03,25.5,13.5,18.9,0.3,2.0,24.9,21.24,154
2020-06-04,27.6,13.8,19.7,0.0,0.0,25.6,27.25,155
2020-06-05,29.0,13.0,20.1,0.1,1.0,23.0,29.12,156
2020-06-06,26.5,12.6,19.7,1.1,2.0,19.2,25.58,157
2020-06-07,26.8,12.9,19.7,0.6,5.0,14.6,22.77,158
2020-06-08,26.6,13.7,20.0,1.7,6.0,13.0,23.67,159
2020-06-09,29.3,14.4,21.0,0.2,2.0,15.6,26.6,160
2020-06-10,29.7,14.8,21.2,0.4,3.0,21.2,28.16,161
2020-06-11,22.7,14.3,17.9,3.8,10.0,30.3,12.41,162
2020-06-12,24.4,12.9,17.9,1.3,6.0,24.7,22.92,163
2020-06-13,25.7,12.0,17.5,1.1,4.0,24.5,29.77,164
2020-06-14,26.8,10.7,17.6,0.0,0.0,22.0,29.5,165
2020-06-15,27.1,9.4,17.7,0.0,0.0,22.2,30.82,166
2020-06-16,28.3,10.2,18.8,0.0,0.0,24.4,29.81,167
2020-06-17,28.9,12.6,19.8,0.6,3.0,21.9,26.47,168
2020-06-18,29.3,14.6,21.0,0.0,0.0,21.1,27.18,169
2020-06-19,29.6,14.0,20.9,0.0,0.0,21.4,27.99,170
2020-06-20,28.0,13.3,20.1,1.2,4.0,18.4,24.76,171
2020-06-21,26.9,15.3,20.0,1.6,4.0,16.5,23.02,172
2020-06-22,20.2,15.1,17.0,41.7,16.0,10.5,9.88,173
2020-06-23,22.2,13.4,17.2,9.8,12.0,15.8,20.53,174
2020-06-24,20.3,13.0,15.7,5.7,17.0,12.9,11.64,175
2020-06-25,22.5,13.2,16.9,4.4,15.0,17.0,16.78,176
2020-06-26,23.1,13.2,17.9,1.5,8.0,17.4,22.86,177
2020-06-27,24.5,13.1,18.4,0.2,2.0,12.9,27.14,178
2020-06-28,24.8,12.5,18.7,0.5,4.0,15.3,26.28,179
2020-06-29,24.8,13.5,18.4,5.6,8.0,18.8,25.66,180
2020-06-30,23.2,14.3,18.2,4.3,11.0,10.6,22.72,181
2020-07-01,24.0,14.9,18.4,4.5,5.0,22.7,25.93,182
2020-07-02,23.9,13.8,18.1,3.5,17.0,28.5,24.56,183
2020-07-03,25.4,12.7,17.9,3.7,12.0,23.8,25.61,184
2020-07-04,23.0,13.2,17.5,2.9,9.0,13.3,23.0,185
2020-07-05,23.8,13.3,17.3,14.0,13.0,16.5,18.91,186
2020-07-06,22.1,13.8,17.3,3.4,9.0,10.9,17.56,187
2020-07-07,23.5,13.5,17.9,1.7,7.0,17.3,20.29,188
2020-07-08,22.7,13.7,17.2,1.4,8.0,23.4,17.5,189
2020-07-09,22.0,13.7,16.6,8.9,11.0,11.8,17.37,190
2020-07-10,25.1,10.2,17.7,0.9,5.0,19.0,26.7,191
2020-07-11,23.2,12.2,17.0,11.8,6.0,14.8,19.63,192
2020-07-12,23.3,11.3,17.0,4.3,8.0,19.2,25.34,193
2020-07-13,24.4,12.0,18.0,0.8,2.0,14.7,28.35,194
2020-07-14,24.4,13.5,17.9,4.1,5.0,19.7,25.41,195
2020-07-15,24.3,13.6,18.0,1.3,5.0,11.5,25.91,196
2020-07-16,25.7,13.5,18.6,0.9,4.0,18.1,25.93,197
2020-07-17,24.0,12.8,17.9,0.3,3.0,8.3,26.61,198
2020-07-18,23.6,11.1,17.6,0.0,0.0,22.5,25.01,199
2020-07-19,24.8,12.6,17.7,1.6,3.0,15.6,25.61,200
2020-07-20,24.6,12.9,18.0,5.8,7.0,16.2,23.78,201
2020-07-21,25.2,14.8,19.0,1.9,7.0,23.8,25.51,202
2020-07-22,24.0,13.2,18.3,0.6,4.0,15.7,25.05,203
2020-07-23,24.3,13.9,18.2,7.0,10.0,15.1,25.34,204
2020-07-24,23.0,13.8,18.0,4.0,11.0,19.9,21.72,205
2020-07-25,24.3,13.9,18.5,1.0,8.0,14.8,22.36,206
2020-07-26,22.9,14.4,18.3,0.4,1.0,10.8,17.64,207
2020-07-27,23.4,11.0,17.7,2.1,5.0,18.6,19.59,208
2020-07-28,22.0,14.9,18.0,2.7,9.0,13.7,15.23,209
2020-07-29,23.6,13.3,17.7,10.0,11.0,11.3,19.44,210
2020-07-30,25.0,13.6,18.2,11.4,17.0,15.9,23.98,211
2020-07-31,22.8,13.9,17.2,15.2,12.0,16.7,22.78,212
2020-08-01,22.9,13.2,17.1,1.9,7.0,19.7,21.28,213
2020-08-02,21.7,14.0,17.0,7.6,13.0,14.5,19.08,214
2020-08-03,21.4,12.3,16.9,5.9,11.0,11.7,20.02,215
2020-08-04,23.0,14.0,17.7,17.8,13.0,16.8,22.09,216
2020-08-05,24.1,12.9,18.3,0.2,2.0,17.7,26.49,217
2020-08-06,24.7,12.0,17.8,2.0,8.0,15.5,23.83,218
2020-08-07,25.7,12.2,18.1,0.5,4.0,20.4,24.59,219
2020-08-08,20.2,13.6,16.5,9.5,18.0,13.6,12.04,220
2020-08-09,21.8,14.0,16.7,7.5,12.0,14.7,17.99,221
2020-08-10,22.6,14.2,17.3,36.9,19.0,17.6,21.1,222
2020-08-11,22.7,13.5,17.1,10.2,15.0,13.7,23.05,223
2020-08-12,21.0,13.7,16.7,1.1,9.0,13.4,16.03,224
2020-08-13,22.1,11.2,16.6,0.3,2.0,25.5,22.46,225
2020-08-14,22.8,13.1,16.7,7.8,9.0,12.6,24.31,226
2020-08-15,21.2,12.2,16.2,7.3,12.0,11.8,22.92,227
2020-08-16,21.3,12.7,16.5,0.9,8.0,20.8,22.15,228
2020-08-17,22.7,11.7,16.6,6.2,8.0,11.3,23.84,229
2020-08-18,21.3,12.9,17.0,2.6,9.0,15.9,21.29,230
2020-08-19,21.0,13.6,16.8,15.7,11.0,16.1,17.19,231
2020-08-20,20.8,14.0,16.9,8.3,13.0,9.5,17.43,232
2020-08-21,23.4,11.9,17.5,1.6,8.0,15.1,23.55,233
2020-08-22,25.0,11.9,18.0,0.0,0.0,19.1,27.15,234
2020-08-23,24.4,11.5,17.6,0.0,0.0,23.3,26.56,235
2020-08-24,23.7,13.8,17.2,11.9,19.0,14.3,17.11,236
2020-08-25,20.6,13.7,16.5,11.2,17.0,18.6,12.87,237
2020-08-26,21.5,14.2,17.3,8.2,21.0,10.5,18.59,238
2020-08-27,22.3,12.5,16.9,6.5,8.0,13.0,19.26,239
2020-08-28,21.7,12.2,17.0,16.3,10.0,16.9,21.57,240
2020-08-29,20.7,14.6,17.5,9.5,14.0,11.7,18.71,241
2020-08-30,24.1,10.8,17.3,1.7,4.0,14.5,21.46,242
2020-08-31,23.8,11.0,17.0,3.8,4.0,11.8,24.89,243
2020-09-01,22.7,12.2,17.4,1.2,7.0,6.7,25.75,244
2020-09-02,25.3,10.5,17.9,0.2,2.0,17.2,26.22,245
2020-09-03,27.3,12.3,18.7,0.5,3.0,24.7,26.78,246
2020-09-04,23.3,13.1,17.0,2.9,10.0,23.0,15.76,247
2020-09-05,22.2,13.0,16.5,0.8,8.0,18.1,14.56,248
2020-09-06,20.7,13.6,16.7,14.0,18.0,24.9,15.18,249
2020-09-07,22.2,13.5,16.9,6.7,21.0,13.8,19.77,250
2020-09-08,22.2,14.3,17.3,4.1,12.0,12.4,19.16,251
2020-09-09,22.6,13.7,17.5,4.5,6.0,12.9,21.8,252
2020-09-10,21.9,14.5,17.1,19.1,20.0,13.7,18.67,253
2020-09-11,22.0,13.5,16.7,17.2,18.0,20.0,20.36,254
2020-09-12,21.5,13.2,16.7,16.0,15.0,14.0,20.66,255
2020-09-13,21.7,13.4,16.9,4.1,16.0,18.4,20.3,256
2020-09-14,21.3,10.9,15.9,2.2,9.0,16.7,20.08,257
2020-09-15,21.9,12.4,16.7,6.2,16.0,15.9,19.63,258
2020-09-16,20.7,14.0,16.8,18.9,11.0,14.4,16.88,259
2020-09-17,21.2,13.1,17.1,1.5,5.0,15.5,19.84,260
2020-09-18,19.9,13.5,16.0,14.0,21.0,13.5,16.36,261
2020-09-19,18.7,13.0,15.3,3.9,21.0,11.7,9.98,262
2020-09-20,21.0,12.3,15.9,5.3,11.0,15.3,19.25,263
2020-09-21,20.8,13.6,16.3,9.8,8.0,16.9,15.99,264
2020-09-22,21.4,12.1,16.8,6.1,8.0,12.0,19.24,265
2020-09-23,22.0,12.9,17.1,1.0,4.0,10.7,21.42,266
2020-09-24,19.9,13.3,16.2,2.3,9.0,11.7,15.86,267
2020-09-25,20.1,13.4,15.9,17.8,9.0,12.0,15.8,268
2020-09-26,20.5,14.1,16.5,8.6,11.0,9.7,16.9,269
2020-09-27,22.4,12.9,17.1,4.9,10.0,10.8,21.52,270
2020-09-28,24.4,14.1,18.2,0.5,5.0,17.9,22.9,271
2020-09-29,15.3,10.2,13.0,11.3,17.0,20.3,10.15,272
2020-09-30,19.5,8.4,13.8,0.0,0.0,15.3,22.65,273
2020-10-01,21.2,8.1,14.1,0.0,0.0,23.2,25.45,274
2020-10-02,19.0,4.1,11.2,0.0,0.0,17.7,26.75,275
2020-10-03,20.8,8.4,13.4,0.2,2.0,20.6,22.85,276
2020-10-04,21.6,8.4,13.7,0.2,2.0,23.5,21.88,277
2020-10-05,20.9,4.9,12.4,0.0,0.0,14.9,26.26,278
2020-10-06,22.2,7.7,13.8,0.0,0.0,19.2,26.14,279
2020-10-07,22.4,7.2,14.2,0.0,0.0,12.6,26.45,280
2020-10-08,24.3,9.1,15.9,0.0,0.0,10.8,26.3,281
2020-10-09,23.8,11.9,17.4,6.5,9.0,9.5,22.51,282
2020-10-10,25.6,11.7,18.8,0.3,2.0,26.3,23.64,283
2020-10-11,25.7,13.1,19.1,0.7,3.0,19.5,24.01,284
2020-10-12,24.9,12.7,18.1,0.5,3.0,16.8,20.6,285
2020-10-13,25.4,12.9,18.1,3.0,9.0,18.4,21.15,286
2020-10-14,25.5,10.7,17.6,1.8,8.0,19.0,23.03,287
2020-10-15,26.8,12.3,18.4,0.2,2.0,21.8,23.4,288
2020-10-16,24.6,9.3,16.3,0.1,1.0,27.9,20.17,289
2020-10-17,23.1,8.8,16.0,1.0,3.0,21.2,24.39,290
2020-10-18,24.7,9.8,17.0,3.3,6.0,14.6,23.0,291
2020-10-19,26.5,12.4,18.2,0.4,3.0,20.0,22.57,292
2020-10-20,25.7,11.4,17.5,0.1,1.0,20.6,23.95,293
2020-10-21,25.7,12.5,18.0,0.0,0.0,19.9,23.22,294
2020-10-22,26.6,10.9,17.7,0.0,0.0,14.2,24.2,295
2020-10-23,27.5,11.1,18.3,0.0,0.0,27.4,24.35,296
2020-10-24,26.0,9.4,16.9,0.0,0.0,22.8,24.35,297
2020-10-25,26.0,9.1,16.7,0.0,0.0,12.6,24.14,298
2020-10-26,26.8,12.1,18.8,0.0,0.0,10.7,24.51,299
2020-10-27,27.2,8.9,17.8,0.0,0.0,14.3,23.08,300
2020-10-28,26.5,10.9,18.1,0.0,0.0,8.5,20.36,301
2020-10-29,25.9,11.7,18.1,0.5,4.0,21.7,18.93,302
2020-10-30,24.2,9.9,15.7,0.2,2.0,19.7,20.83,303
2020-10-31,25.7,10.0,17.2,0.0,0.0,17.4,21.26,304
2020-11-01,26.0,10.8,16.4,0.6,3.0,30.3,21.86,305
2020-11-02,19.4,8.1,12.3,0.8,6.0,21.5,21.29,306
2020-11-03,23.1,7.7,13.6,0.0,0.0,20.8,19.89,307
2020-11-04,24.5,6.2,13.8,0.0,0.0,23.2,22.91,308
2020-11-05,24.8,5.2,13.8,0.0,0.0,24.6,22.4,309
2020-11-06,22.2,7.3,13.8,0.0,0.0,23.8,19.97,310
2020-11-07,23.6,8.1,15.5,0.0,0.0,10.8,19.95,311
2020-11-08,25.0,8.9,17.5,0.0,0.0,10.9,20.91,312
2020-11-09,26.5,12.9,18.4,0.0,0.0,10.3,22.56,313
2020-11-10,27.2,11.6,18.6,0.0,0.0,12.5,22.4,314
2020-11-11,26.8,9.4,18.0,0.0,0.0,12.6,21.91,315
2020-11-12,26.9,12.2,19.1,0.0,0.0,15.8,21.8,316
2020-11-13,27.0,12.9,19.1,0.0,0.0,12.4,22.16,317
2020-11-14,26.4,8.8,17.8,0.0,0.0,13.1,21.88,318
2020-11-15,26.7,12.2,18.1,0.0,0.0,29.1,21.73,319
2020-11-16,22.2,8.9,14.7,0.4,4.0,23.6,19.94,320
2020-11-17,18.1,11.4,13.9,1.5,7.0,21.6,9.8,321
2020-11-18,17.6,9.4,12.2,0.5,5.0,16.9,9.41,322
2020-11-19,22.2,7.6,13.3,0.0,0.0,17.8,19.58,323
2020-11-20,22.9,7.9,14.1,2.5,8.0,19.5,15.49,324
2020-11-21,21.4,11.0,14.8,1.0,8.0,20.4,12.29,325
2020-11-22,22.0,8.5,14.2,0.0,0.0,22.2,20.51,326
2020-11-23,20.4,8.3,13.3,0.4,3.0,12.9,19.6,327
2020-11-24,24.2,9.1,15.9,0.0,0.0,12.8,19.78,328
2020-11-25,25.4,9.7,17.4,0.0,0.0,18.3,20.47,329
2020-11-26,26.1,12.8,18.3,0.0,0.0,14.5,20.65,330
2020-11-27,25.7,12.2,18.4,0.0,0.0,9.7,20.92,331
2020-11-28,25.5,12.4,18.0,0.0,0.0,14.4,20.5,332
2020-11-29,24.5,11.4,17.7,0.0,0.0,15.8,19.8,333
2020-11-30,19.2,7.5,14.1,0.6,6.0,20.4,11.96,334
2020-12-01,23.7,6.8,13.9,0.0,0.0,13.0,18.25,335
2020-12-02,22.6,7.2,14.3,0.0,0.0,11.1,18.4,336
2020-12-03,23.3,7.5,14.1,0.0,0.0,15.5,18.01,337
2020-12-04,24.3,5.9,14.3,0.0,0.0,12.7,18.52,338
2020-12-05,24.3,6.9,15.0,0.1,1.0,11.3,18.71,339
2020-12-06,22.5,7.3,14.9,0.0,0.0,13.0,17.7,340
2020-12-07,18.4,9.3,13.4,0.2,2.0,16.2,14.73,341
2020-12-08,20.4,6.6,13.4,0.0,0.0,17.2,16.4,342
2020-12-09,21.4,9.8,14.8,0.0,0.0,21.4,16.44,343
2020-12-10,22.8,8.5,16.1,0.0,0.0,10.1,16.9,344
2020-12-11,24.5,9.4,16.9,0.4,3.0,11.3,18.6,345
2020-12-12,22.9,9.0,15.7,0.4,4.0,9.0,17.4,346
2020-12-13,25.2,6.6,15.5,0.0,0.0,13.5,19.58,347
2020-12-14,23.0,10.7,15.4,0.0,0.0,17.6,16.77,348
2020-12-15,25.0,6.2,15.1,0.0,0.0,13.4,19.46,349
2020-12-16,21.9,9.7,14.8,0.0,0.0,16.3,16.1,350
2020-12-17,21.9,7.1,14.1,0.0,0.0,16.8,18.05,351
2020-12-18,23.0,6.8,14.6,0.0,0.0,19.5,17.73,352
2020-12-19,23.3,10.2,16.2,0.0,0.0,14.5,17.85,353
2020-12-20,22.0,11.1,15.6,0.1,1.0,18.1,16.29,354
2020-12-21,21.5,8.0,14.8,0.1,1.0,8.4,16.59,355
2020-12-22,23.1,9.6,16.1,0.3,2.0,9.7,16.75,356
2020-12-23,23.3,7.6,15.5,0.0,0.0,11.2,19.1,357
2020-12-24,22.3,6.8,14.2,0.0,0.0,25.8,19.91,358
2020-12-25,20.2,3.3,11.5,0.0,0.0,10.1,17.16,359
2020-12-26,23.7,5.3,13.9,0.0,0.0,18.8,19.41,360
2020-12-27,22.2,4.5,12.9,0.0,0.0,14.2,20.33,361
2020-12-28,21.8,7.6,13.4,0.0,0.0,11.6,20.66,362
2020-12-29,21.8,5.2,12.9,0.0,0.0,11.9,20.37,363
2020-12-30,23.6,4.0,12.5,0.0,0.0,14.8,20.27,364
2020-12-31,21.2,5.3,12.9,0.0,0.0,29.6,20.5,365
2021-01-01,25.5,-0.1,11.2,0.0,0.0,15.1,20.93,366
2021-01-02,24.1,3.5,12.5,0.0,0.0,16.6,20.56,367
2021-01-03,25.0,3.0,13.3,0.0,0.0,13.0,20.37,368
2021-01-04,22.2,7.0,14.6,0.0,0.0,19.5,20.4,369
2021-01-05,22.3,8.7,14.5,0.0,0.0,15.1,19.36,370
2021-01-06,22.9,5.4,13.9,0.0,0.0,17.7,19.53,371
2021-01-07,19.3,8.9,13.4,0.0,0.0,13.6,15.03,372
2021-01-08,21.0,5.7,13.6,0.0,0.0,16.8,18.44,373
2021-01-09,20.1,5.8,13.5,0.1,1.0,10.1,17.66,374
2021-01-10,22.3,5.6,12.8,0.0,0.0,17.1,17.78,375
2021-01-11,19.4,7.7,12.4,0.3,3.0,14.1,15.27,376
2021-01-12,21.6,6.7,13.5,0.1,1.0,15.2,18.86,377
2021-01-13,19.2,5.5,12.6,0.0,0.0,20.2,14.06,378
2021-01-14,22.5,6.6,14.6,0.2,2.0,9.4,15.8,379
2021-01-15,20.6,9.6,15.2,0.6,1.0,11.6,15.66,380
2021-01-16,20.9,8.8,14.2,1.5,3.0,11.9,15.08,381
2021-01-17,20.3,8.4,13.9,1.1,3.0,14.7,11.8,382
2021-01-18,20.9,8.1,13.7,0.6,2.0,16.9,19.22,383
2021-01-19,23.6,6.5,14.8,0.1,1.0,18.2,19.57,384
2021-01-20,22.1,8.2,14.6,0.1,1.0,13.4,17.68,385
2021-01-21,25.1,8.0,15.6,0.0,0.0,9.7,20.61,386
2021-01-22,25.2,9.8,17.0,0.0,0.0,10.8,20.37,387
2021-01-23,24.4,9.8,16.7,0.0,0.0,9.7,18.43,388
2021-01-24,24.5,8.6,16.4,0.0,0.0,21.4,16.86,389
2021-01-25,25.7,6.2,15.5,0.0,0.0,13.4,21.36,390
2021-01-26,27.1,7.9,17.1,0.0,0.0,13.0,21.45,391
2021-01-27,26.4,12.2,17.8,0.4,4.0,26.6,21.1,392
2021-01-28,22.8,9.7,14.4,0.0,0.0,28.1,18.36,393
2021-01-29,24.0,6.9,14.1,0.0,0.0,17.1,20.67,394
2021-01-30,25.4,8.0,16.7,0.0,0.0,11.7,21.11,395
2021-01-31,25.9,11.6,17.3,0.0,0.0,26.7,22.68,396
2021-02-01,19.5,7.8,13.4,1.4,6.0,21.7,17.73,397
2021-02-02,24.2,4.7,13.2,0.0,0.0,16.7,22.74,398
2021-02-03,25.9,8.3,16.3,0.0,0.0,13.4,23.5,399
2021-02-04,26.5,7.1,17.2,0.0,0.0,12.0,23.52,400
2021-02-05,27.7,7.7,17.7,0.0,0.0,15.3,23.35,401
2021-02-06,27.9,6.6,17.0,0.0,0.0,12.3,23.58,402
2021-02-07,26.8,9.2,16.7,0.0,0.0,17.9,23.42,403
2021-02-08,26.9,6.5,16.1,0.0,0.0,20.4,23.79,404
2021-02-09,24.7,8.3,16.4,0.0,0.0,14.8,22.0,405
2021-02-10,23.7,8.8,15.5,1.0,4.0,11.6,19.49,406
2021-02-11,24.0,7.0,15.0,0.0,0.0,16.3,22.62,407
2021-02-12,21.8,6.1,13.1,0.0,0.0,25.3,21.91,408
2021-02-13,22.5,3.8,12.7,0.0,0.0,18.9,24.89,409
2021-02-14,25.2,1.9,12.7,0.0,0.0,17.9,25.12,410
2021-02-15,25.1,-0.1,12.6,0.0,0.0,13.9,25.54,411
2021-02-16,25.3,2.3,13.5,0.0,0.0,16.8,25.41,412
2021-02-17,25.6,3.6,14.1,0.0,0.0,11.9,22.62,413
2021-02-18,27.4,3.5,15.5,0.0,0.0,19.6,25.56,414
2021-02-19,24.1,5.5,13.8,0.0,0.0,19.5,24.67,415
2021-02-20,25.4,7.7,16.0,0.0,0.0,16.8,25.26,416
2021-02-21,26.4,7.0,17.3,0.0,0.0,8.2,24.18,417
2021-02-22,26.0,10.4,17.6,0.0,0.0,22.4,24.4,418
2021-02-23,25.9,5.6,15.7,0.0,0.0,17.3,25.25,419
2021-02-24,27.1,7.7,17.9,0.0,0.0,20.5,25.07,420
2021-02-25,27.3,10.8,18.3,0.0,0.0,16.1,25.21,421
2021-02-26,28.4,8.6,18.6,0.0,0.0,10.5,25.81,422
2021-02-27,28.4,9.0,19.1,0.0,0.0,18.1,24.8,423
2021-02-28,28.9,10.9,19.6,0.0,0.0,23.9,24.6,424
2021-03-01,29.5,12.9,20.9,0.3,1.0,24.5,25.4,425
2021-03-02,26.0,13.4,19.1,0.8,5.0,16.9,21.39,426
2021-03-03,27.7,11.5,19.4,0.0,0.0,19.0,23.7,427
2021-03-04,28.6,12.6,20.9,0.0,0.0,24.3,26.38,428
2021-03-05,29.1,10.9,20.1,0.0,0.0,13.8,24.12,429
2021-03-06,23.5,11.5,16.1,0.8,4.0,16.6,18.73,430
2021-03-07,26.9,8.3,17.6,0.3,1.0,16.2,22.78,431
2021-03-08,26.1,7.2,15.8,0.0,0.0,22.7,24.97,432
2021-03-09,27.1,7.0,16.0,0.0,0.0,24.9,26.07,433
2021-03-10,28.9,10.6,19.0,0.0,0.0,19.8,27.75,434
2021-03-11,28.2,8.7,19.3,0.0,0.0,25.7,27.04,435
2021-03-12,28.4,10.2,19.8,0.0,0.0,14.8,25.85,436
2021-03-13,29.0,10.3,19.6,0.0,0.0,16.5,26.81,437
2021-03-14,28.1,10.6,18.9,0.0,0.0,16.0,23.95,438
2021-03-15,28.3,10.9,19.3,0.0,0.0,14.8,24.94,439
2021-03-16,28.7,10.6,19.1,0.0,0.0,20.1,24.46,440
2021-03-17,26.8,9.6,18.4,0.0,0.0,23.3,26.09,441
2021-03-18,23.5,11.6,16.6,0.0,0.0,22.4,20.65,442
2021-03-19,24.4,8.1,15.9,0.0,0.0,26.9,22.5,443
2021-03-20,24.6,8.3,16.1,0.9,3.0,30.9,23.24,444
2021-03-21,23.7,8.4,16.5,0.1,1.0,30.1,20.42,445
2021-03-22,28.4,8.5,18.4,0.0,0.0,17.1,25.97,446
2021-03-23,29.3,8.9,19.1,0.0,0.0,18.2,27.78,447
2021-03-24,29.7,8.3,18.3,0.0,0.0,22.0,28.99,448
2021-03-25,29.8,8.2,18.9,0.0,0.0,18.7,29.01,449
2021-03-26,29.1,9.7,19.5,0.0,0.0,19.1,27.67,450
2021-03-27,29.3,10.0,19.9,0.0,0.0,25.3,27.84,451
2021-03-28,30.9,11.2,19.6,0.2,2.0,30.8,28.07,452
2021-03-29,26.5,12.9,18.7,0.1,1.0,18.9,24.05,453
2021-03-30,29.4,9.9,20.0,0.0,0.0,26.7,27.87,454
2021-03-31,30.4,12.5,20.7,0.0,0.0,26.7,28.3,455
2021-04-01,25.7,11.0,16.2,1.1,4.0,33.3,25.12,456
2021-04-02,25.1,8.9,15.6,0.1,1.0,29.1,20.59,457
2021-04-03,26.3,8.2,16.3,0.0,0.0,21.6,28.82,458
2021-04-04,26.3,7.6,16.0,0.0,0.0,18.8,28.0,459
2021-04-05,26.0,8.3,16.2,0.0,0.0,35.3,23.2,460
2021-04-06,23.7,9.4,15.9,4.5,8.0,32.7,21.0,461
2021-04-07,26.7,8.4,18.0,2.9,7.0,16.0,25.68,462
2021-04-08,27.2,9.5,19.1,0.0,0.0,19.7,24.38,463
2021-04-09,27.2,9.4,18.4,0.5,2.0,21.7,22.25,464
2021-04-10,29.1,10.4,19.7,0.0,0.0,11.1,27.31,465
2021-04-11,28.7,10.6,20.1,0.0,0.0,22.0,26.18,466
2021-04-12,28.6,12.7,20.6,0.2,2.0,21.1,23.68,467
2021-04-13,28.6,12.6,19.3,0.9,5.0,19.9,21.29,468
2021-04-14,27.6,10.6,19.1,0.0,0.0,29.9,23.45,469
2021-04-15,27.4,10.4,19.1,0.7,3.0,33.4,23.49,470
2021-04-16,28.1,9.9,19.4,0.0,0.0,20.5,24.56,471
2021-04-17,30.5,12.6,20.9,0.0,0.0,20.8,28.05,472
2021-04-18,30.3,10.2,19.9,0.0,0.0,21.4,30.12,473
2021-04-19,29.7,7.6,18.8,0.0,0.0,21.6,29.83,474
2021-04-20,29.0,8.4,18.9,0.0,0.0,21.9,29.74,475
2021-04-21,28.2,12.0,19.4,0.0,0.0,23.4,29.06,476
2021-04-22,29.3,9.6,19.8,0.0,0.0,21.3,26.38,477
2021-04-23,29.3,12.3,20.6,0.0,0.0,17.8,26.81,478
2021-04-24,30.2,11.2,20.6,0.0,0.0,25.8,25.86,479
2021-04-25,28.7,13.4,21.1,0.3,2.0,16.7,23.53,480
2021-04-26,28.8,13.3,21.3,0.0,0.0,19.0,21.07,481
2021-04-27,31.2,12.8,22.2,0.0,0.0,12.3,25.86,482
2021-04-28,30.8,13.9,20.8,2.6,5.0,32.1,24.06,483
2021-04-29,30.7,11.4,20.7,1.2,4.0,19.4,25.65,484
2021-04-30,26.5,13.2,19.1,4.3,6.0,22.6,21.96,485
2021-05-01,26.9,11.0,19.3,0.2,2.0,20.2,24.31,486
2021-05-02,28.6,11.8,20.0,0.1,1.0,19.9,26.5,487
2021-05-03,29.6,10.1,19.8,0.0,0.0,19.5,29.85,488
2021-05-04,29.4,10.6,20.3,0.2,2.0,27.7,27.96,489
2021-05-05,26.0,13.9,18.5,25.5,10.0,14.4,23.88,490
2021-05-06,25.7,13.6,18.2,4.8,9.0,23.3,24.43,491
2021-05-07,24.5,12.5,17.7,0.9,7.0,19.4,23.19,492
2021-05-08,24.9,11.4,18.6,0.4,2.0,10.3,21.87,493
2021-05-09,25.6,13.7,19.3,2.0,4.0,13.5,19.82,494
2021-05-10,24.1,12.7,18.9,6.2,4.0,16.3,19.58,495
2021-05-11,24.2,12.5,17.6,8.8,9.0,15.8,21.38,496
2021-05-12,23.5,10.6,15.9,29.8,11.0,22.1,18.76,497
2021-05-13,21.4,11.1,15.7,4.2,17.0,21.6,17.96,498
2021-05-14,22.0,12.4,16.6,1.4,9.0,17.6,20.52,499
2021-05-15,22.6,12.0,16.9,0.2,1.0,11.2,20.79,500
2021-05-16,22.7,12.7,16.9,2.0,4.0,13.9,20.94,501
2021-05-17,22.6,10.7,16.7,3.5,5.0,18.5,20.44,502
2021-05-18,23.8,10.1,16.8,0.3,1.0,29.0,23.13,503
2021-05-19,25.2,9.2,17.5,0.9,2.0,14.5,27.03,504
2021-05-20,25.0,7.7,17.1,0.0,0.0,20.1,28.48,505
2021-05-21,26.3,10.2,18.3,1.4,2.0,19.1,25.85,506
2021-05-22,27.0,11.4,18.9,0.0,0.0,23.0,27.68,507
2021-05-23,26.4,12.2,19.1,0.4,2.0,19.7,21.58,508
2021-05-24,26.8,14.0,18.9,3.8,4.0,18.1,22.4,509
2021-05-25,28.5,13.9,20.1,0.1,1.0,21.1,25.57,510
2021-05-26,28.8,13.1,20.2,2.5,6.0,19.6,25.11,511
2021-05-27,27.5,12.6,20.2,0.7,5.0,18.1,26.66,512
2021-05-28,29.8,12.1,21.2,0.0,0.0,22.3,29.86,513
2021-05-29,29.9,12.2,20.7,0.9,2.0,18.0,27.63,514
2021-05-30,28.7,12.5,20.3,0.3,2.0,20.2,27.65,515
2021-05-31,28.1,12.9,20.0,0.0,0.0,16.3,25.33,516
2021-06-01,27.5,12.7,20.0,1.3,5.0,17.2,24.7,517
2021-06-02,21.6,14.9,17.3,7.9,15.0,15.5,13.63,518
2021-06-03,21.6,13.4,16.5,32.7,19.0,15.9,17.85,519
2021-06-04,20.3,14.0,16.5,5.6,12.0,9.2,17.77,520
2021-06-05,21.5,12.2,17.2,3.9,11.0,12.5,18.97,521
2021-06-06,23.7,13.6,18.1,0.5,2.0,11.6,19.19,522
2021-06-07,27.0,12.3,19.6,0.0,0.0,16.3,28.26,523
2021-06-08,25.1,12.0,18.5,1.5,5.0,17.1,27.66,524
2021-06-09,24.9,14.4,18.5,4.9,11.0,17.7,24.56,525
2021-06-10,25.1,11.3,17.4,1.2,5.0,18.7,25.68,526
2021-06-11,20.8,12.4,15.8,16.0,13.0,9.0,15.92,527
2021-06-12,20.3,13.3,16.3,16.1,20.0,12.0,16.44,528
2021-06-13,19.4,14.0,16.2,12.7,18.0,17.6,14.94,529
2021-06-14,20.1,14.2,16.2,26.6,23.0,15.6,15.15,530
2021-06-15,22.2,13.7,17.2,2.0,7.0,21.2,23.43,531
2021-06-16,22.9,10.6,16.5,0.1,1.0,24.5,23.49,532
2021-06-17,21.7,12.5,16.1,11.9,17.0,19.1,19.6,533
2021-06-18,18.2,11.4,14.7,9.3,11.0,12.9,11.79,534
2021-06-19,21.8,11.7,16.6,1.8,11.0,21.6,22.19,535
2021-06-20,23.5,11.7,17.7,1.0,6.0,13.0,23.01,536
2021-06-21,24.5,10.3,17.8,0.7,3.0,17.8,25.77,537
2021-06-22,23.0,14.1,17.4,8.2,10.0,12.9,21.77,538
2021-06-23,22.1,13.4,17.0,3.7,8.0,11.5,21.57,539
2021-06-24,22.0,13.3,17.2,5.2,10.0,13.8,24.39,540
2021-06-25,20.2,11.9,15.8,13.2,11.0,15.8,21.14,541
2021-06-26,20.9,11.2,16.3,0.3,3.0,19.6,19.42,542
2021-06-27,18.6,12.2,14.7,12.5,21.0,18.1,10.87,543
2021-06-28,17.8,12.2,14.6,9.4,21.0,14.7,10.93,544
2021-06-29,20.9,11.3,15.9,7.4,9.0,9.3,18.75,545
2021-06-30,20.4,13.8,16.4,26.5,19.0,13.3,15.83,546
2021-07-01,18.6,13.6,15.7,25.3,20.0,10.7,10.52,547
2021-07-02,19.2,13.7,15.5,10.9,22.0,10.8,14.61,548
2021-07-03,18.8,13.4,15.8,3.2,17.0,11.6,16.91,549
2021-07-04,20.7,11.4,16.3,1.9,4.0,16.2,22.44,550
2021-07-05,22.3,10.2,15.9,6.0,6.0,11.5,23.75,551
2021-07-06,21.6,12.8,17.3,5.2,4.0,9.8,22.24,552
2021-07-07,21.5,11.4,17.2,6.2,12.0,8.7,20.17,553
2021-07-08,20.6,12.4,16.5,2.6,8.0,12.4,14.62,554
2021-07-09,21.8,12.1,17.0,3.9,10.0,13.4,18.64,555
2021-07-10,22.2,13.1,17.3,8.9,13.0,13.2,24.83,556
2021-07-11,22.4,12.8,17.1,1.8,9.0,11.5,24.28,557
2021-07-12,21.6,11.6,16.6,0.8,5.0,15.6,25.2,558
2021-07-13,21.0,13.1,16.5,7.2,19.0,14.1,21.59,559
2021-07-14,22.3,11.6,16.0,5.7,11.0,16.4,23.34,560
2021-07-15,20.3,12.9,16.0,6.7,15.0,15.8,16.92,561
2021-07-16,21.7,13.0,17.1,0.5,4.0,16.2,23.03,562
2021-07-17,21.7,12.8,17.1,1.1,6.0,16.7,18.12,563
2021-07-18,22.6,10.3,15.9,10.4,7.0,15.2,24.71,564
2021-07-19,22.2,11.2,16.6,1.3,6.0,19.8,26.66,565
2021-07-20,22.5,13.5,17.0,9.4,7.0,13.0,24.59,566
2021-07-21,21.5,13.0,16.7,8.3,7.0,13.3,22.81,567
2021-07-22,21.8,13.4,16.9,9.8,17.0,15.6,24.34,568
2021-07-23,22.2,10.8,16.2,0.4,1.0,17.1,25.65,569
2021-07-24,23.3,12.8,17.4,0.0,0.0,9.8,27.21,570
2021-07-25,23.7,10.8,16.9,4.1,5.0,22.9,26.25,571
2021-07-26,22.1,13.1,17.1,6.5,5.0,15.9,24.07,572
2021-07-27,23.3,12.6,17.3,2.1,4.0,17.7,25.79,573
2021-07-28,21.9,13.6,16.9,6.2,15.0,15.6,19.3,574
2021-07-29,23.8,13.6,17.9,6.9,18.0,20.6,24.01,575
2021-07-30,22.1,12.1,16.8,9.6,12.0,15.8,20.7,576
2021-07-31,22.5,13.0,16.4,7.3,10.0,11.4,24.42,577
2021-08-01,21.0,12.5,16.2,3.4,9.0,11.5,23.07,578
2021-08-02,22.7,11.8,17.1,7.6,10.0,18.3,24.03,579
2021-08-03,21.0,13.7,16.4,7.4,9.0,13.3,17.57,580
2021-08-04,21.8,13.5,16.9,5.0,13.0,14.0,21.02,581
2021-08-05,21.5,13.8,17.4,5.2,16.0,17.1,19.78,582
2021-08-06,21.8,14.0,17.0,11.3,16.0,11.4,21.18,583
2021-08-07,21.9,13.3,16.8,9.0,16.0,9.3,23.39,584
2021-08-08,21.1,12.7,16.3,8.1,17.0,15.1,20.51,585
2021-08-09,22.4,12.7,17.0,5.3,9.0,11.0,24.88,586
2021-08-10,22.9,12.4,16.8,3.1,10.0,11.9,24.9,587
2021-08-11,20.7,11.6,15.8,4.3,10.0,9.1,23.61,588
2021-08-12,22.3,12.4,16.4,6.2,14.0,12.9,25.78,589
2021-08-13,21.6,12.0,16.1,10.7,10.0,11.3,22.77,590
2021-08-14,22.1,13.5,16.9,7.5,16.0,13.3,22.18,591
2021-08-15,23.2,13.4,17.7,0.8,7.0,15.0,27.24,592
2021-08-16,22.7,13.2,17.2,7.5,13.0,15.5,23.99,593
2021-08-17,22.5,13.4,17.0,8.7,11.0,10.2,21.82,594
2021-08-18,22.9,14.5,18.2,1.3,7.0,9.3,23.08,595
2021-08-19,24.6,14.2,18.5,2.3,10.0,17.4,24.72,596
2021-08-20,22.8,10.5,16.5,0.1,1.0,23.8,23.63,597
2021-08-21,19.5,13.1,15.5,39.0,22.0,30.3,9.36,598
2021-08-22,21.6,13.1,16.5,8.9,14.0,12.1,21.71,599
2021-08-23,22.2,11.7,16.2,1.7,8.0,16.4,24.5,600
2021-08-24,21.2,12.6,16.2,4.9,15.0,17.2,16.71,601
2021-08-25,22.8,12.6,16.8,1.6,11.0,22.7,20.77,602
2021-08-26,22.6,12.4,16.3,1.5,8.0,17.6,23.38,603
2021-08-27,18.7,10.4,14.7,2.0,8.0,16.3,13.13,604
2021-08-28,19.2,12.4,15.4,8.4,15.0,9.6,11.27,605
2021-08-29,19.3,9.9,15.2,3.4,13.0,6.2,11.88,606
2021-08-30,20.8,12.6,16.4,13.8,14.0,8.0,17.87,607
2021-08-31,20.2,13.2,16.4,4.8,14.0,9.9,17.0,608
2021-09-01,19.4,13.8,16.1,17.5,22.0,9.7,13.97,609
2021-09-02,19.4,14.0,15.8,22.1,18.0,8.8,13.54,610
2021-09-03,20.4,13.5,16.1,20.6,18.0,13.4,17.96,611
2021-09-04,22.6,13.9,17.2,10.9,11.0,15.6,23.48,612
2021-09-05,21.0,13.8,16.7,8.0,12.0,12.7,19.79,613
2021-09-06,18.7,14.1,15.8,28.8,19.0,13.4,12.38,614
2021-09-07,18.8,13.5,15.7,20.9,19.0,7.2,15.55,615
2021-09-08,21.0,11.6,16.1,11.9,13.0,12.2,22.01,616
2021-09-09,21.4,13.1,16.7,2.1,13.0,19.9,20.47,617
2021-09-10,19.9,13.0,15.7,1.6,9.0,19.9,17.73,618
2021-09-11,20.7,10.0,15.2,3.9,12.0,12.0,20.01,619
2021-09-12,20.8,11.7,15.6,15.0,17.0,13.2,17.0,620
2021-09-13,21.5,13.6,16.4,4.0,10.0,20.9,19.19,621
2021-09-14,21.9,12.0,16.4,2.2,8.0,13.5,20.62,622
2021-09-15,21.9,13.2,17.3,0.4,2.0,15.1,21.06,623
2021-09-16,22.1,13.8,17.4,3.8,7.0,11.5,21.86,624
2021-09-17,21.9,12.4,16.9,21.1,17.0,12.1,19.33,625
2021-09-18,20.9,14.1,16.7,25.5,19.0,17.4,21.13,626
2021-09-19,19.8,13.8,15.9,19.5,18.0,11.0,16.2,627
2021-09-20,21.3,12.7,16.4,12.9,8.0,12.4,22.53,628
2021-09-21,23.5,13.2,17.2,10.4,16.0,17.2,23.2,629
2021-09-22,21.2,12.3,16.2,2.8,10.0,18.4,23.15,630
2021-09-23,20.7,9.1,14.8,4.5,10.0,11.2,17.96,631
2021-09-24,21.1,11.8,16.0,2.0,9.0,14.3,19.38,632
2021-09-25,22.0,11.0,16.2,2.3,10.0,15.8,20.58,633
2021-09-26,21.4,12.1,16.4,6.0,8.0,12.2,21.37,634
2021-09-27,20.6,13.1,16.5,3.3,5.0,7.6,19.66,635
2021-09-28,21.0,11.9,16.3,2.8,3.0,9.9,20.96,636
2021-09-29,21.1,13.2,16.7,6.7,10.0,9.0,18.88,637
2021-09-30,21.5,11.3,16.1,1.5,11.0,11.0,19.19,638
2021-10-01,21.0,10.8,16.0,0.4,4.0,10.5,21.23,639
2021-10-02,21.5,12.7,16.7,13.8,10.0,13.2,20.54,640
2021-10-03,22.1,12.9,16.7,8.4,15.0,14.3,20.57,641
2021-10-04,21.0,13.5,16.3,5.7,21.0,16.7,18.15,642
2021-10-05,20.8,12.4,15.7,11.3,21.0,17.6,18.91,643
2021-10-06,20.5,12.6,15.6,8.0,15.0,19.4,17.17,644
2021-10-07,21.9,11.7,15.8,0.0,0.0,18.8,23.25,645
2021-10-08,21.9,9.6,15.4,0.0,0.0,17.6,21.75,646
2021-10-09,21.9,11.1,16.2,0.7,6.0,9.1,21.95,647
2021-10-10,23.2,12.1,17.1,0.0,0.0,10.3,22.94,648
2021-10-11,23.5,11.4,17.5,0.2,2.0,9.0,23.0,649
2021-10-12,24.4,10.8,17.2,0.0,0.0,10.3,24.49,650
2021-10-13,24.3,8.0,16.2,0.0,0.0,13.3,24.16,651
2021-10-14,23.7,12.6,18.2,2.7,5.0,22.2,23.62,652
2021-10-15,25.6,12.3,17.5,0.0,0.0,22.8,24.12,653
2021-10-16,22.4,9.9,15.9,0.6,5.0,27.0,21.02,654
2021-10-17,19.6,10.8,14.8,1.5,9.0,19.5,14.44,655
2021-10-18,21.6,9.3,14.7,0.2,2.0,17.7,20.4,656
2021-10-19,23.0,10.1,16.3,0.0,0.0,15.3,23.43,657
2021-10-20,22.7,10.7,15.8,8.3,7.0,13.3,21.27,658
2021-10-21,23.9,12.4,17.2,0.6,6.0,18.6,19.29,659
2021-10-22,21.5,12.3,15.8,5.5,17.0,13.3,15.65,660
2021-10-23,20.7,11.5,15.5,0.7,4.0,12.0,15.92,661
2021-10-24,20.3,12.6,15.4,10.4,10.0,18.9,17.24,662
2021-10-25,22.3,11.1,15.8,0.0,0.0,12.8,14.68,663
2021-10-26,24.5,8.4,15.8,0.0,0.0,10.2,21.83,664
2021-10-27,24.7,9.3,15.9,0.9,3.0,11.6,21.74,665
2021-10-28,21.1,12.3,16.5,7.1,7.0,12.0,19.09,666
2021-10-29,20.6,10.2,15.1,1.0,8.0,10.4,16.06,667
2021-10-30,21.7,10.9,15.3,0.3,3.0,11.7,20.74,668
2021-10-31,21.8,7.8,14.9,0.0,0.0,20.9,20.09,669
2021-11-01,21.6,11.6,15.9,0.0,0.0,17.4,18.01,670
2021-11-02,23.1,10.1,15.8,0.0,0.0,18.3,22.59,671
2021-11-03,22.8,7.9,14.9,0.0,0.0,11.8,21.51,672
2021-11-04,22.5,8.3,15.1,0.0,0.0,16.7,22.54,673
2021-11-05,22.2,7.5,13.9,0.0,0.0,12.5,21.14,674
2021-11-06,22.4,7.1,14.3,0.0,0.0,18.1,22.75,675
2021-11-07,22.8,7.1,14.3,0.0,0.0,21.2,21.89,676
2021-11-08,23.6,7.9,15.0,0.0,0.0,15.2,21.53,677
2021-11-09,24.1,9.4,15.5,0.0,0.0,15.6,22.54,678
2021-11-10,23.9,6.7,15.1,0.0,0.0,13.6,21.06,679
2021-11-11,24.0,7.6,15.3,0.0,0.0,22.7,21.82,680
2021-11-12,21.7,5.6,13.3,0.0,0.0,19.5,22.39,681
2021-11-13,21.1,5.8,12.2,0.1,1.0,25.5,21.54,682
2021-11-14,20.9,6.9,13.0,0.0,0.0,16.4,19.67,683
2021-11-15,21.5,8.0,13.6,0.0,0.0,24.6,21.78,684
2021-11-16,21.1,4.7,13.1,0.0,0.0,10.7,18.7,685
2021-11-17,21.2,5.5,13.8,0.0,0.0,8.1,18.69,686
2021-11-18,21.7,8.3,15.1,0.1,1.0,25.3,19.56,687
2021-11-19,18.2,11.0,13.7,2.3,13.0,18.8,12.78,688
2021-11-20,21.2,8.6,14.3,0.0,0.0,15.1,19.36,689
2021-11-21,22.2,9.0,15.3,0.1,1.0,19.2,17.97,690
2021-11-22,22.3,10.8,14.8,6.0,13.0,22.1,15.14,691
2021-11-23,19.6,9.5,14.8,3.2,7.0,13.8,14.17,692
2021-11-24,20.4,8.3,14.2,1.0,3.0,15.0,16.82,693
2021-11-25,21.3,10.2,15.6,0.1,1.0,18.7,17.88,694
2021-11-26,21.6,9.0,14.7,0.9,7.0,17.2,17.42,695
2021-11-27,22.0,6.6,13.5,0.0,0.0,9.8,20.19,696
2021-11-28,22.6,8.7,15.2,0.0,0.0,17.3,20.03,697
2021-11-29,22.4,9.4,14.9,0.0,0.0,18.0,19.44,698
2021-11-30,23.6,7.1,14.5,0.0,0.0,17.4,20.21,699
2021-12-01,23.8,11.0,16.3,0.0,0.0,23.9,17.91,700
2021-12-02,23.2,9.7,15.5,0.0,0.0,15.0,20.51,701
2021-12-03,23.4,6.2,14.5,0.0,0.0,14.0,20.31,702
2021-12-04,23.9,7.9,15.1,0.0,0.0,12.9,20.34,703
2021-12-05,23.5,6.8,14.5,0.0,0.0,11.0,19.67,704
2021-12-06,24.0,7.6,15.7,0.0,0.0,11.8,20.08,705
2021-12-07,24.5,7.3,15.4,0.0,0.0,11.0,20.22,706
2021-12-08,24.7,9.9,16.5,0.0,0.0,10.7,20.01,707
2021-12-09,23.8,7.9,15.8,0.0,0.0,10.7,19.94,708
2021-12-10,23.5,7.0,16.0,0.0,0.0,10.7,19.91,709
2021-12-11,23.4,8.2,15.3,0.0,0.0,19.6,20.17,710
2021-12-12,21.3,7.2,14.2,0.0,0.0,12.6,18.23,711
2021-12-13,23.5,9.0,15.5,0.0,0.0,16.9,19.41,712
2021-12-14,22.4,7.9,14.3,0.0,0.0,15.0,19.36,713
2021-12-15,22.9,8.7,14.8,0.0,0.0,12.3,19.12,714
2021-12-16,23.4,8.2,15.3,0.0,0.0,13.7,18.71,715
2021-12-17,22.7,7.1,14.7,0.0,0.0,16.7,17.21,716
2021-12-18,21.6,8.2,14.5,0.0,0.0,12.2,17.23,717
2021-12-19,21.8,9.9,14.4,0.6,2.0,17.1,16.74,718
2021-12-20,19.6,7.7,13.7,0.0,0.0,7.9,15.82,719
2021-12-21,20.1,7.9,13.5,0.0,0.0,11.1,16.95,720
2021-12-22,22.3,7.1,13.9,0.0,0.0,13.8,19.72,721
2021-12-23,23.3,8.6,14.8,0.0,0.0,15.2,19.98,722
2021-12-24,24.5,9.0,16.0,0.0,0.0,11.4,19.9,723
2021-12-25,25.6,10.0,17.0,0.0,0.0,17.8,20.16,724
2021-12-26,24.6,10.8,16.8,0.0,0.0,15.5,20.61,725
2021-12-27,24.6,4.6,14.8,0.0,0.0,8.0,20.03,726
2021-12-28,24.4,5.8,14.0,0.0,0.0,14.4,19.71,727
2021-12-29,24.9,4.2,12.9,0.0,0.0,15.2,20.34,728
2021-12-30,23.5,8.3,15.2,0.0,0.0,10.6,20.25,729
2021-12-31,24.0,5.9,14.2,0.0,0.0,10.6,20.34,730
2022-01-01,23.8,5.6,14.7,0.0,0.0,11.7,20.3,731
2022-01-02,24.2,9.5,15.8,0.0,0.0,27.5,20.17,732
2022-01-03,22.0,6.9,13.2,0.0,0.0,10.4,18.25,733
2022-01-04,23.7,9.2,15.3,0.0,0.0,11.2,20.28,734
2022-01-05,24.0,8.5,16.0,0.0,0.0,9.4,19.12,735
2022-01-06,24.2,6.8,14.3,0.8,2.0,19.1,17.97,736
2022-01-07,21.9,8.4,13.8,0.0,0.0,24.6,15.7,737
2022-01-08,21.4,5.2,13.2,0.0,0.0,26.2,17.36,738
2022-01-09,22.4,6.8,14.7,0.0,0.0,20.3,19.68,739
2022-01-10,17.6,8.2,12.3,1.5,7.0,20.1,13.64,740
2022-01-11,17.9,9.1,12.6,0.5,5.0,18.0,14.28,741
2022-01-12,21.2,5.7,12.2,0.0,0.0,19.5,18.41,742
2022-01-13,21.0,7.0,13.7,0.0,0.0,16.9,17.0,743
2022-01-14,22.1,4.5,13.6,0.0,0.0,16.5,21.21,744
2022-01-15,20.9,4.4,12.5,0.3,2.0,20.2,17.55,745
2022-01-16,19.0,6.6,11.3,9.6,6.0,13.4,16.03,746
2022-01-17,19.4,4.9,11.4,0.0,0.0,19.6,16.73,747
2022-01-18,20.3,3.7,12.2,0.0,0.0,15.5,19.19,748
2022-01-19,20.7,5.6,13.3,0.0,0.0,11.5,18.79,749
2022-01-20,20.9,9.1,14.2,0.3,1.0,15.0,16.53,750
2022-01-21,21.1,6.9,13.7,0.2,2.0,16.1,15.33,751
2022-01-22,21.0,6.3,13.6,1.5,3.0,13.6,17.69,752
2022-01-23,21.8,5.9,12.8,0.0,0.0,12.1,19.57,753
2022-01-24,22.7,5.4,13.5,0.0,0.0,17.5,18.87,754
2022-01-25,23.2,5.1,13.4,0.0,0.0,16.6,21.57,755
2022-01-26,22.6,6.8,14.1,0.0,0.0,12.4,21.61,756
2022-01-27,23.6,5.4,14.3,0.0,0.0,14.0,20.75,757
2022-01-28,22.9,6.8,13.9,0.1,1.0,24.1,19.93,758
2022-01-29,21.2,6.2,12.2,0.4,3.0,15.9,19.42,759
2022-01-30,22.8,5.4,14.1,0.0,0.0,14.4,20.85,760
2022-01-31,23.8,6.0,14.4,0.0,0.0,19.9,19.93,761
2022-02-01,24.9,5.3,14.8,0.0,0.0,23.7,22.29,762
2022-02-02,24.9,5.7,14.9,0.3,1.0,11.6,22.24,763
2022-02-03,24.3,5.5,14.9,0.1,1.0,17.1,22.08,764
2022-02-04,24.7,7.0,14.9,0.0,0.0,20.3,22.13,765
2022-02-05,21.3,3.5,11.5,0.1,1.0,15.6,20.45,766
2022-02-06,22.6,6.1,13.8,0.0,0.0,18.4,20.16,767
2022-02-07,21.7,7.2,13.3,0.8,2.0,24.4,17.6,768
2022-02-08,20.4,5.9,11.2,0.6,1.0,15.1,19.25,769
2022-02-09,21.1,4.0,12.1,0.0,0.0,13.6,22.44,770
2022-02-10,22.3,2.9,12.5,0.0,0.0,17.3,21.83,771
2022-02-11,22.1,2.6,12.1,0.0,0.0,20.2,23.93,772
2022-02-12,21.5,4.4,13.1,0.0,0.0,20.9,21.2,773
2022-02-13,18.2,7.9,11.8,0.4,3.0,24.1,16.42,774
2022-02-14,21.6,6.5,12.2,1.5,4.0,15.9,18.9,775
2022-02-15,20.8,7.2,14.2,0.2,2.0,8.4,20.29,776
2022-02-16,23.4,7.0,15.3,0.0,0.0,14.3,21.78,777
2022-02-17,25.0,6.1,15.9,0.0,0.0,9.9,23.85,778
2022-02-18,25.1,10.5,17.0,0.0,0.0,20.1,23.84,779
2022-02-19,25.1,7.3,15.9,0.0,0.0,24.6,23.5,780
2022-02-20,24.8,7.5,15.6,0.0,0.0,11.8,24.38,781
2022-02-21,26.0,7.5,16.8,0.0,0.0,9.7,23.83,782
2022-02-22,26.9,9.2,18.6,0.0,0.0,19.8,24.44,783
2022-02-23,27.6,10.1,19.4,0.0,0.0,13.2,25.48,784
2022-02-24,26.4,9.4,17.9,0.0,0.0,20.0,25.7,785
2022-02-25,25.3,8.5,17.1,0.0,0.0,18.1,24.52,786
2022-02-26,25.9,8.7,16.7,0.0,0.0,22.5,24.41,787
2022-02-27,25.7,10.5,17.0,0.0,0.0,21.1,26.29,788
2022-02-28,24.5,4.6,14.5,0.0,0.0,18.9,26.58,789
2022-03-01,25.8,9.1,16.9,0.0,0.0,14.8,26.59,790
2022-03-02,26.3,10.2,17.7,0.0,0.0,14.7,27.04,791
2022-03-03,26.8,7.5,17.7,0.0,0.0,20.7,26.33,792
2022-03-04,27.1,8.0,17.0,0.0,0.0,23.5,24.74,793
2022-03-05,25.8,7.8,16.9,0.0,0.0,21.0,24.96,794
2022-03-06,26.6,9.2,17.6,0.1,1.0,15.4,23.96,795
2022-03-07,25.5,10.2,18.0,0.2,2.0,19.8,21.19,796
2022-03-08,26.4,8.4,17.4,0.0,0.0,13.7,23.77,797
2022-03-09,27.8,6.1,17.4,0.0,0.0,19.4,26.96,798
2022-03-10,27.8,5.8,17.6,0.0,0.0,16.3,27.38,799
2022-03-11,28.3,6.3,17.3,0.0,0.0,23.8,27.45,800
2022-03-12,26.1,5.0,14.4,0.0,0.0,29.9,26.06,801
2022-03-13,27.6,5.1,15.8,0.0,0.0,17.1,25.95,802
2022-03-14,28.7,9.0,17.8,1.2,2.0,23.7,24.25,803
2022-03-15,24.4,10.0,16.6,2.4,2.0,20.9,22.65,804
2022-03-16,24.4,9.3,15.9,1.3,4.0,17.9,23.61,805
2022-03-17,24.8,7.6,16.5,0.8,2.0,23.1,25.61,806
2022-03-18,25.4,8.1,17.2,0.4,2.0,15.0,26.61,807
2022-03-19,25.4,8.8,16.9,1.1,2.0,19.9,25.11,808
2022-03-20,25.0,9.0,16.3,0.0,0.0,15.6,24.7,809
2022-03-21,26.9,8.8,18.0,0.0,0.0,20.9,25.95,810
2022-03-22,26.9,8.6,17.8,0.0,0.0,15.5,23.44,811
2022-03-23,27.3,8.0,17.5,0.0,0.0,20.2,28.5,812
2022-03-24,26.4,6.4,15.8,0.0,0.0,24.9,28.7,813
2022-03-25,24.5,8.0,15.8,0.0,0.0,30.0,26.72,814
2022-03-26,24.9,7.5,15.9,0.0,0.0,19.5,28.14,815
2022-03-27,26.1,9.7,17.6,0.0,0.0,23.4,25.33,816
2022-03-28,27.0,8.0,18.9,0.0,0.0,15.3,27.09,817
2022-03-29,30.3,9.1,19.2,0.0,0.0,17.7,27.44,818
2022-03-30,32.1,10.5,20.6,0.0,0.0,13.7,28.97,819
2022-03-31,30.5,10.2,20.1,0.0,0.0,22.9,28.51,820
2022-04-01,31.0,9.9,20.4,0.0,0.0,16.6,28.27,821
2022-04-02,30.6,12.7,21.7,0.0,0.0,18.6,26.59,822
2022-04-03,29.4,11.7,20.6,0.0,0.0,17.3,26.07,823
2022-04-04,30.1,10.6,20.2,0.0,0.0,21.3,27.57,824
2022-04-05,31.0,10.8,20.3,0.0,0.0,23.1,28.98,825
2022-04-06,28.4,10.0,19.8,0.0,0.0,12.0,28.98,826
2022-04-07,26.6,11.6,18.4,0.7,1.0,28.2,25.42,827
2022-04-08,22.8,7.2,14.3,2.8,4.0,19.3,21.7,828
2022-04-09,23.3,10.2,15.8,2.1,5.0,16.0,22.56,829
2022-04-10,25.5,8.6,17.0,1.6,2.0,14.2,25.69,830
2022-04-11,28.1,9.6,18.6,0.5,2.0,20.2,27.31,831
2022-04-12,27.3,11.5,18.8,2.8,4.0,19.3,24.42,832
2022-04-13,29.2,10.8,20.1,0.0,0.0,17.4,25.45,833
2022-04-14,27.9,14.3,20.9,0.0,0.0,19.0,23.36,834
2022-04-15,30.2,13.4,22.1,0.3,2.0,15.1,23.55,835
2022-04-16,30.9,12.9,22.5,0.7,1.0,19.2,26.87,836
2022-04-17,31.6,12.0,22.7,0.0,0.0,19.5,29.09,837
2022-04-18,30.3,13.2,21.6,0.6,3.0,26.5,26.25,838
2022-04-19,26.4,12.8,17.6,5.0,4.0,27.0,21.72,839
2022-04-20,27.1,9.8,18.1,1.0,3.0,20.9,26.4,840
2022-04-21,26.5,10.4,18.4,0.6,3.0,23.6,26.11,841
2022-04-22,24.9,9.5,17.2,1.7,6.0,18.2,27.13,842
2022-04-23,26.2,9.8,18.7,0.8,4.0,23.3,25.65,843
2022-04-24,28.0,10.1,19.0,1.4,4.0,25.8,25.51,844
2022-04-25,27.0,10.5,18.7,3.9,4.0,27.0,26.23,845
2022-04-26,22.9,11.1,16.2,6.5,6.0,27.8,22.38,846
2022-04-27,23.5,11.2,16.1,7.8,4.0,23.7,26.95,847
2022-04-28,24.8,9.5,17.8,0.0,0.0,18.8,24.58,848
2022-04-29,26.3,9.7,18.5,0.1,1.0,26.8,23.99,849
2022-04-30,26.8,10.9,19.6,0.0,0.0,20.6,22.6,850
2022-05-01,26.7,14.1,20.7,0.0,0.0,17.3,20.53,851
2022-05-02,29.8,11.0,20.7,0.0,0.0,17.4,26.69,852
2022-05-03,30.4,12.2,21.2,0.0,0.0,17.8,27.24,853
2022-05-04,30.4,12.4,20.9,0.2,1.0,29.4,25.86,854
2022-05-05,31.4,11.2,21.4,0.0,0.0,26.4,27.76,855
2022-05-06,31.2,14.3,21.6,4.3,5.0,24.4,24.06,856
2022-05-07,29.4,11.5,21.0,0.0,0.0,8.8,26.7,857
2022-05-08,28.8,12.2,20.9,1.2,1.0,30.1,22.64,858
2022-05-09,31.4,11.6,21.7,0.0,0.0,20.4,27.81,859
2022-05-10,32.9,14.4,23.0,0.0,0.0,29.9,28.66,860
2022-05-11,27.8,12.3,19.8,0.4,3.0,24.7,26.85,861
2022-05-12,29.2,10.1,18.9,0.0,0.0,21.9,29.93,862
2022-05-13,29.7,10.7,20.5,0.0,0.0,17.2,29.94,863
2022-05-14,31.2,11.5,20.8,0.0,0.0,24.2,29.16,864
2022-05-15,29.7,12.3,20.4,0.0,0.0,25.5,28.39,865
2022-05-16,29.0,10.1,20.1,0.0,0.0,19.1,30.84,866
2022-05-17,29.7,11.3,20.9,0.0,0.0,19.8,30.15,867
2022-05-18,30.4,11.1,21.9,0.0,0.0,20.1,28.27,868
2022-05-19,30.5,13.5,22.4,0.0,0.0,20.2,25.41,869
2022-05-20,30.4,12.5,22.2,0.4,1.0,10.2,26.63,870
2022-05-21,30.9,14.2,22.4,0.5,1.0,23.3,27.26,871
2022-05-22,28.8,15.3,20.7,0.0,0.0,27.6,23.04,872
2022-05-23,26.6,13.3,17.9,12.0,9.0,28.8,21.49,873
2022-05-24,25.5,11.2,18.1,0.9,4.0,45.7,22.29,874
2022-05-25,28.6,9.8,19.5,0.0,0.0,27.4,26.66,875
2022-05-26,28.8,12.5,20.3,0.1,1.0,27.5,25.64,876
2022-05-27,28.4,11.2,19.7,0.1,1.0,27.5,28.76,877
2022-05-28,28.4,11.1,19.6,0.0,0.0,19.4,29.15,878
2022-05-29,27.8,11.3,19.8,0.1,1.0,14.5,28.27,879
2022-05-30,29.0,13.2,20.3,0.1,1.0,26.4,27.01,880
2022-05-31,28.4,14.9,20.1,0.4,3.0,29.2,26.15,881
2022-06-01,27.6,14.4,19.7,0.8,7.0,19.3,25.69,882
2022-06-02,24.3,11.4,18.3,2.9,11.0,17.4,24.95,883
2022-06-03,27.9,11.0,19.3,0.0,0.0,15.5,30.1,884
2022-06-04,29.5,12.8,20.3,0.1,1.0,19.0,26.42,885
2022-06-05,28.8,14.2,21.3,0.0,0.0,19.8,25.4,886
2022-06-06,31.0,16.0,22.5,0.0,0.0,26.3,29.69,887
2022-06-07,29.1,12.0,20.9,0.0,0.0,24.7,30.34,888
2022-06-08,28.7,14.5,20.0,7.6,8.0,22.4,25.29,889
2022-06-09,24.6,14.1,17.3,18.8,12.0,16.6,21.19,890
2022-06-10,24.6,12.4,17.5,12.3,4.0,15.3,26.1,891
2022-06-11,25.0,12.1,18.1,1.7,6.0,15.6,27.32,892
2022-06-12,24.9,11.0,17.5,1.0,3.0,13.3,26.74,893
2022-06-13,24.4,11.5,17.9,0.3,2.0,18.1,24.84,894
2022-06-14,24.3,13.0,17.1,9.7,9.0,19.3,19.84,895
2022-06-15,22.6,13.6,16.9,10.3,13.0,16.6,17.99,896
2022-06-16,22.6,11.7,17.2,0.4,4.0,19.2,22.31,897
2022-06-17,24.0,11.9,16.2,3.5,8.0,15.6,24.47,898
2022-06-18,22.7,10.8,16.3,4.6,10.0,18.4,24.79,899
2022-06-19,23.9,12.8,16.7,19.0,12.0,28.0,22.58,900
2022-06-20,25.2,10.2,17.0,3.2,5.0,24.5,25.55,901
2022-06-21,22.9,13.6,16.7,15.9,18.0,21.3,18.28,902
2022-06-22,22.0,13.1,15.8,21.7,18.0,14.8,17.87,903
2022-06-23,21.7,12.3,16.2,0.5,2.0,24.5,22.85,904
2022-06-24,21.5,11.3,15.9,1.1,2.0,16.6,23.6,905
2022-06-25,21.0,11.1,15.7,9.1,7.0,17.1,20.73,906
2022-06-26,22.9,13.1,17.0,3.9,13.0,17.8,26.8,907
2022-06-27,22.3,11.3,16.1,11.5,9.0,16.6,22.33,908
2022-06-28,22.1,13.2,16.2,10.2,8.0,19.2,23.13,909
2022-06-29,23.2,13.3,17.3,3.1,10.0,14.5,27.44,910
2022-06-30,23.4,11.1,17.3,0.5,3.0,15.1,27.74,911
2022-07-01,22.0,12.0,17.2,0.1,1.0,13.5,24.62,912
2022-07-02,23.1,12.3,17.4,6.4,3.0,17.1,25.0,913
2022-07-03,24.6,12.9,18.4,0.4,4.0,22.8,27.36,914
2022-07-04,22.3,12.4,17.5,2.9,5.0,14.0,23.58,915
2022-07-05,22.3,12.4,16.8,7.9,5.0,18.0,22.59,916
2022-07-06,22.9,11.8,17.2,1.2,7.0,18.4,26.14,917
2022-07-07,21.5,13.0,16.4,12.8,11.0,13.9,20.82,918
2022-07-08,23.9,12.2,16.9,9.0,10.0,22.7,24.99,919
2022-07-09,22.6,13.1,16.7,5.4,11.0,15.2,23.61,920
2022-07-10,23.2,11.5,17.1,0.3,3.0,21.1,27.68,921
2022-07-11,23.9,11.8,16.8,4.5,6.0,15.3,24.07,922
2022-07-12,24.3,11.5,17.6,3.1,8.0,24.0,27.68,923
2022-07-13,22.4,11.5,16.7,6.9,8.0,10.8,26.41,924
2022-07-14,23.1,12.5,16.7,10.4,12.0,19.4,24.11,925
2022-07-15,22.2,11.4,16.1,10.0,15.0,23.4,20.78,926
2022-07-16,21.9,12.2,15.8,8.8,8.0,14.0,21.4,927
2022-07-17,22.3,12.4,15.5,4.6,3.0,13.2,21.85,928
2022-07-18,20.9,12.6,15.8,3.1,4.0,11.2,20.1,929
2022-07-19,23.8,11.8,17.5,0.5,1.0,11.9,26.31,930
2022-07-20,26.0,10.7,18.1,0.1,1.0,11.5,26.62,931
2022-07-21,25.7,13.0,18.9,0.2,2.0,19.8,29.51,932
2022-07-22,24.3,12.8,17.5,2.1,3.0,22.7,27.24,933
2022-07-23,22.8,12.1,16.6,2.9,7.0,21.7,24.85,934
2022-07-24,23.5,11.7,16.3,12.7,9.0,13.7,23.45,935
2022-07-25,21.0,12.6,16.0,26.2,10.0,15.2,18.8,936
2022-07-26,23.3,11.2,16.9,0.1,1.0,15.1,27.04,937
2022-07-27,20.8,12.2,15.8,7.2,5.0,12.8,23.96,938
2022-07-28,21.8,11.4,15.9,2.2,5.0,13.1,24.92,939
2022-07-29,20.6,12.2,15.8,16.2,12.0,12.7,19.67,940
2022-07-30,22.7,12.6,16.8,1.0,5.0,18.9,27.1,941
2022-07-31,21.4,10.9,15.7,10.7,12.0,23.4,26.03,942
2022-08-01,20.8,11.0,15.7,5.8,6.0,12.5,22.12,943
2022-08-02,22.4,11.2,16.1,8.3,9.0,11.9,23.28,944
2022-08-03,23.4,12.8,17.3,2.4,4.0,10.2,27.42,945
2022-08-04,24.4,12.4,17.5,1.4,7.0,15.4,26.31,946
2022-08-05,23.1,11.4,16.9,0.1,1.0,22.3,27.0,947
2022-08-06,22.6,10.0,16.4,0.1,1.0,21.6,27.12,948
2022-08-07,23.9,12.0,16.5,9.7,10.0,17.3,25.16,949
2022-08-08,22.2,11.2,15.9,9.9,11.0,17.7,25.24,950
2022-08-09,21.7,10.7,15.3,12.0,13.0,14.6,19.68,951
2022-08-10,22.4,12.2,16.7,0.7,6.0,20.8,23.65,952
2022-08-11,23.3,11.5,16.8,9.5,9.0,21.9,24.55,953
2022-08-12,23.2,12.2,16.7,3.3,11.0,13.6,24.03,954
2022-08-13,20.7,11.4,16.0,19.1,10.0,12.6,22.08,955
2022-08-14,21.0,11.3,16.0,6.7,4.0,14.8,22.7,956
2022-08-15,20.6,9.7,15.3,11.0,6.0,8.3,20.64,957
2022-08-16,20.3,12.1,15.5,7.0,8.0,12.2,19.13,958
2022-08-17,21.8,12.3,16.2,13.0,6.0,20.7,23.09,959
2022-08-18,21.7,11.4,15.8,9.4,10.0,11.9,22.61,960
2022-08-19,21.7,12.4,16.9,0.1,1.0,10.0,22.77,961
2022-08-20,21.0,10.2,15.5,11.9,9.0,13.8,18.36,962
2022-08-21,20.4,13.0,16.0,11.1,13.0,9.8,19.46,963
2022-08-22,22.0,11.8,16.3,1.7,10.0,16.2,23.88,964
2022-08-23,21.8,12.0,16.6,1.2,1.0,12.6,24.97,965
2022-08-24,23.0,12.2,16.6,12.4,6.0,18.8,24.66,966
2022-08-25,24.2,12.1,17.3,8.5,10.0,20.8,27.36,967
2022-08-26,21.9,10.4,15.6,2.1,3.0,12.4,26.46,968
2022-08-27,21.9,12.1,17.0,0.1,1.0,8.4,24.15,969
2022-08-28,22.1,11.4,16.1,15.2,6.0,12.4,19.92,970
2022-08-29,22.3,12.4,16.3,10.3,5.0,12.9,21.82,971
2022-08-30,23.1,10.1,15.9,6.4,5.0,15.5,23.75,972
2022-08-31,23.5,12.7,17.4,2.3,7.0,21.4,24.44,973
2022-09-01,23.9,13.0,17.6,4.3,12.0,21.6,26.69,974
2022-09-02,24.2,11.4,17.2,19.6,9.0,21.5,24.08,975
2022-09-03,22.7,13.6,16.8,18.5,11.0,23.7,20.29,976
2022-09-04,22.1,12.9,16.3,12.0,11.0,14.8,18.4,977
2022-09-05,21.6,11.6,15.9,2.9,11.0,17.7,16.87,978
2022-09-06,19.9,10.9,15.4,16.6,10.0,14.2,18.53,979
2022-09-07,21.0,13.0,16.2,18.2,18.0,16.2,18.08,980
2022-09-08,20.5,12.0,16.0,15.1,10.0,16.7,19.75,981
2022-09-09,22.1,11.2,15.8,0.0,0.0,13.4,26.91,982
2022-09-10,22.8,10.0,16.4,0.1,1.0,23.1,26.72,983
2022-09-11,23.1,10.4,16.3,1.0,7.0,17.2,20.79,984
2022-09-12,20.7,13.0,16.2,1.9,11.0,14.6,19.49,985
2022-09-13,21.1,12.5,15.9,5.1,16.0,16.8,20.67,986
2022-09-14,23.8,11.7,16.4,3.1,15.0,25.8,23.51,987
2022-09-15,20.8,11.8,15.6,15.8,17.0,20.2,16.13,988
2022-09-16,19.5,13.0,15.5,8.9,14.0,18.3,14.08,989
2022-09-17,21.9,13.0,16.0,11.2,12.0,13.0,19.21,990
2022-09-18,20.6,13.8,16.1,16.3,17.0,10.8,17.01,991
2022-09-19,21.8,13.5,16.2,22.6,17.0,13.2,21.29,992
2022-09-20,21.3,12.3,15.9,5.9,12.0,15.1,21.48,993
2022-09-21,21.3,12.8,16.1,2.3,13.0,22.1,20.36,994
2022-09-22,22.2,11.9,16.1,0.6,5.0,17.2,24.31,995
2022-09-23,21.1,11.2,15.8,1.1,8.0,17.4,22.34,996
2022-09-24,21.7,12.5,16.4,4.4,8.0,16.2,21.76,997
2022-09-25,20.9,13.6,16.2,16.0,13.0,13.8,18.55,998
2022-09-26,21.6,11.8,15.6,16.5,14.0,20.7,20.52,999
2022-09-27,21.2,11.9,15.3,3.6,15.0,20.6,19.98,1000
2022-09-28,20.4,12.3,15.1,5.4,16.0,19.9,18.82,1001
2022-09-29,21.2,8.0,13.6,0.9,6.0,25.4,18.88,1002
2022-09-30,20.0,9.4,13.5,0.3,3.0,14.9,23.3,1003
2022-10-01,21.8,7.6,13.7,0.0,0.0,19.1,25.22,1004
2022-10-02,22.4,8.2,14.2,0.0,0.0,19.3,25.15,1005
2022-10-03,20.9,7.6,14.2,0.1,1.0,21.5,24.11,1006
2022-10-04,20.6,10.4,14.9,0.2,1.0,11.6,21.99,1007
2022-10-05,19.9,9.7,14.6,7.0,4.0,18.0,17.49,1008
2022-10-06,20.3,12.1,15.0,17.6,14.0,13.3,17.12,1009
2022-10-07,21.1,12.1,15.6,1.0,10.0,20.7,22.06,1010
2022-10-08,20.6,12.2,15.2,1.3,12.0,20.7,20.17,1011
2022-10-09,19.1,10.2,14.0,3.1,12.0,23.8,14.76,1012
2022-10-10,18.4,10.0,14.0,3.0,13.0,20.4,14.25,1013
2022-10-11,19.8,11.1,14.8,1.2,7.0,17.5,12.75,1014
2022-10-12,22.3,10.7,16.2,0.0,0.0,18.8,21.19,1015
2022-10-13,22.2,9.4,15.2,0.0,0.0,17.6,24.4,1016
2022-10-14,21.7,9.5,15.0,0.0,0.0,15.3,24.27,1017
2022-10-15,22.8,9.9,15.9,0.0,0.0,20.7,22.6,1018
2022-10-16,23.4,11.4,16.7,0.0,0.0,14.2,22.07,1019
2022-10-17,22.5,12.3,16.6,9.4,8.0,16.3,18.85,1020
2022-10-18,21.9,12.7,15.6,20.1,15.0,18.4,13.56,1021
2022-10-19,17.6,10.6,13.9,0.7,5.0,20.7,10.67,1022
2022-10-20,19.5,8.6,13.6,0.2,2.0,13.5,18.78,1023
2022-10-21,19.7,9.2,14.5,1.2,3.0,12.3,13.58,1024
2022-10-22,22.1,9.3,15.8,0.0,0.0,15.3,18.78,1025
2022-10-23,24.2,9.9,17.1,0.2,2.0,9.0,20.93,1026
2022-10-24,25.1,13.0,18.4,0.0,0.0,10.9,21.74,1027
2022-10-25,24.9,13.1,18.1,0.0,0.0,21.3,23.12,1028
2022-10-26,24.8,11.2,17.8,0.0,0.0,16.1,19.3,1029
2022-10-27,22.7,11.1,16.4,1.7,3.0,18.1,16.69,1030
2022-10-28,25.3,10.0,17.5,0.1,1.0,13.5,20.64,1031
2022-10-29,23.7,11.9,16.9,0.2,2.0,22.5,17.01,1032
2022-10-30,23.6,10.1,16.2,0.4,1.0,20.2,18.03,1033
2022-10-31,23.7,8.7,15.5,3.4,4.0,16.4,18.95,1034
2022-11-01,24.6,10.7,17.2,0.1,1.0,17.9,21.75,1035
2022-11-02,24.6,11.3,17.2,0.1,1.0,19.7,22.77,1036
2022-11-03,25.3,10.7,17.1,0.0,0.0,15.8,20.93,1037
2022-11-04,25.0,9.4,17.5,0.1,1.0,17.4,18.88,1038
2022-11-05,23.8,10.8,17.2,0.0,0.0,13.5,19.27,1039
2022-11-06,25.1,9.9,17.9,0.0,0.0,20.1,20.89,1040
2022-11-07,25.0,11.4,17.3,0.0,0.0,19.2,23.21,1041
2022-11-08,23.7,9.5,15.9,0.5,4.0,21.3,21.44,1042
2022-11-09,24.0,9.4,15.4,0.0,0.0,16.4,22.06,1043
2022-11-10,24.6,8.5,16.1,0.0,0.0,16.7,21.53,1044
2022-11-11,26.3,8.6,16.4,0.0,0.0,14.3,22.39,1045
2022-11-12,25.4,9.9,17.2,0.0,0.0,18.8,21.3,1046
2022-11-13,25.1,8.8,16.4,0.0,0.0,15.3,20.38,1047
2022-11-14,25.7,8.3,16.6,0.0,0.0,11.6,21.59,1048
2022-11-15,25.1,12.7,17.8,0.0,0.0,16.3,20.56,1049
2022-11-16,23.8,10.0,16.1,0.0,0.0,12.5,20.48,1050
2022-11-17,23.3,7.0,15.4,0.1,1.0,19.7,20.33,1051
2022-11-18,22.7,9.4,15.6,1.2,1.0,16.1,17.99,1052
2022-11-19,22.8,7.9,15.1,0.0,0.0,19.4,16.47,1053
2022-11-20,18.6,11.2,14.1,0.2,2.0,17.5,14.4,1054
2022-11-21,21.1,8.4,14.0,3.9,4.0,15.5,15.81,1055
2022-11-22,21.5,8.6,14.4,0.1,1.0,16.0,18.59,1056
2022-11-23,22.4,9.1,15.8,0.1,1.0,7.2,17.16,1057
2022-11-24,22.9,8.2,15.2,0.0,0.0,21.5,15.42,1058
2022-11-25,24.3,10.1,16.4,0.1,1.0,14.1,18.87,1059
2022-11-26,24.4,8.1,15.8,0.0,0.0,10.5,19.73,1060
2022-11-27,24.0,8.4,16.1,0.2,2.0,10.5,19.35,1061
2022-11-28,23.2,11.1,15.9,0.3,2.0,24.8,17.67,1062
2022-11-29,23.7,7.6,15.3,0.2,1.0,10.1,18.06,1063
2022-11-30,24.9,12.4,17.4,0.1,1.0,22.8,16.46,1064
2022-12-01,22.3,10.9,15.7,0.0,0.0,19.3,19.52,1065
2022-12-02,23.2,8.1,15.2,0.0,0.0,16.0,18.89,1066
2022-12-03,24.5,9.9,15.6,1.3,4.0,18.9,17.32,1067
2022-12-04,21.4,7.5,14.3,0.0,0.0,15.8,20.26,1068
2022-12-05,23.3,8.0,14.8,0.0,0.0,8.9,19.76,1069
2022-12-06,23.9,6.7,16.4,0.0,0.0,11.8,19.89,1070
2022-12-07,25.3,8.4,15.9,0.0,0.0,21.4,20.75,1071
2022-12-08,22.5,5.9,13.4,0.0,0.0,14.0,20.23,1072
2022-12-09,22.4,7.8,14.2,0.0,0.0,8.7,18.96,1073
2022-12-10,22.8,6.8,14.9,0.0,0.0,12.7,19.04,1074
2022-12-11,22.8,6.1,14.3,0.0,0.0,14.2,20.18,1075
2022-12-12,22.4,6.0,14.3,0.0,0.0,10.5,19.76,1076
2022-12-13,23.5,6.4,14.2,0.0,0.0,11.7,20.06,1077
2022-12-14,24.3,4.4,14.0,0.0,0.0,15.2,20.39,1078
2022-12-15,24.0,6.4,13.8,0.0,0.0,16.1,19.98,1079
2022-12-16,24.4,5.3,14.1,0.0,0.0,11.9,19.76,1080
2022-12-17,22.8,7.0,14.4,0.0,0.0,11.4,19.12,1081
2022-12-18,22.9,6.9,14.8,0.0,0.0,9.3,18.84,1082
2022-12-19,22.4,6.2,14.4,0.0,0.0,10.3,19.49,1083
2022-12-20,22.5,8.4,14.5,0.0,0.0,22.6,19.42,1084
2022-12-21,20.8,5.2,12.3,0.0,0.0,11.2,17.01,1085
2022-12-22,21.5,6.9,14.4,0.0,0.0,15.6,18.42,1086
2022-12-23,19.9,8.0,13.8,0.7,5.0,22.9,14.14,1087
2022-12-24,19.7,7.4,12.8,0.1,1.0,12.5,14.82,1088
2022-12-25,14.8,6.5,10.5,2.1,5.0,11.8,13.71,1089
2022-12-26,16.6,4.2,10.3,0.1,1.0,14.0,15.74,1090
2022-12-27,17.9,5.7,11.1,0.0,0.0,10.2,18.98,1091
2022-12-28,20.5,2.9,10.7,0.0,0.0,14.2,18.32,1092
2022-12-29,21.2,3.4,11.0,0.0,0.0,17.6,16.07,1093
2022-12-30,20.3,5.9,12.1,0.1,1.0,12.3,14.43,1094
2022-12-31,21.1,8.2,13.7,0.0,0.0,11.9,16.86,1095
2023-01-01,20.6,5.2,12.4,0.0,0.0,12.7,17.61,1096
2023-01-02,21.8,5.7,13.0,0.0,0.0,16.2,16.58,1097
2023-01-03,22.6,5.9,13.7,0.0,0.0,9.9,18.61,1098
2023-01-04,22.1,7.4,14.1,0.0,0.0,13.2,20.13,1099
2023-01-05,21.6,9.2,14.1,0.1,1.0,21.2,19.68,1100
2023-01-06,21.1,8.3,13.7,0.0,0.0,11.6,19.5,1101
2023-01-07,21.4,4.9,13.4,0.0,0.0,10.6,20.26,1102
2023-01-08,21.5,8.4,14.0,0.0,0.0,23.1,20.57,1103
2023-01-09,21.3,7.4,13.5,0.0,0.0,11.3,18.21,1104
2023-01-10,20.6,8.8,13.9,0.1,1.0,18.9,18.08,1105
2023-01-11,19.3,5.2,12.4,0.0,0.0,9.2,17.95,1106
2023-01-12,21.1,7.0,13.6,0.0,0.0,18.7,17.61,1107
2023-01-13,19.6,8.5,12.5,0.6,5.0,19.9,18.1,1108
2023-01-14,20.0,5.4,12.1,0.0,0.0,12.2,20.85,1109
2023-01-15,20.8,3.4,12.1,0.0,0.0,9.4,20.71,1110
2023-01-16,22.9,3.8,13.2,0.0,0.0,12.0,21.25,1111
2023-01-17,24.8,7.1,15.0,0.0,0.0,13.1,20.95,1112
2023-01-18,24.4,4.8,14.4,0.0,0.0,11.6,20.62,1113
2023-01-19,24.6,10.6,16.4,0.0,0.0,13.5,19.7,1114
2023-01-20,24.8,7.7,15.2,0.0,0.0,13.6,20.77,1115
2023-01-21,24.6,6.6,15.3,0.0,0.0,14.2,20.59,1116
2023-01-22,23.6,6.7,14.3,0.1,1.0,17.3,21.11,1117
2023-01-23,24.1,5.7,14.0,0.0,0.0,19.9,21.41,1118
2023-01-24,25.0,3.9,13.9,0.0,0.0,11.2,21.77,1119
2023-01-25,23.9,6.0,14.5,0.0,0.0,15.5,21.69,1120
2023-01-26,22.1,7.7,13.6,0.0,0.0,20.1,19.96,1121
2023-01-27,22.3,4.2,12.2,0.0,0.0,11.1,22.0,1122
2023-01-28,23.4,6.1,14.3,0.0,0.0,15.4,21.11,1123
2023-01-29,24.4,9.2,16.4,0.0,0.0,10.2,21.55,1124
2023-01-30,25.1,10.5,17.3,0.0,0.0,17.0,22.2,1125
2023-01-31,25.8,8.2,16.6,0.0,0.0,15.7,22.49,1126
2023-02-01,25.0,8.4,14.7,0.0,0.0,20.1,22.18,1127
2023-02-02,25.0,5.6,15.2,0.0,0.0,17.8,22.95,1128
2023-02-03,17.2,5.6,11.8,0.3,3.0,21.9,18.74,1129
2023-02-04,22.5,3.0,12.1,0.0,0.0,11.0,22.83,1130
2023-02-05,24.0,9.0,15.3,0.0,0.0,23.4,23.58,1131
2023-02-06,23.9,6.0,15.0,0.0,0.0,11.9,23.59,1132
2023-02-07,24.1,5.7,15.0,0.0,0.0,14.2,22.76,1133
2023-02-08,23.1,6.8,14.7,0.2,2.0,20.5,19.21,1134
2023-02-09,23.2,8.6,15.4,0.0,0.0,14.6,20.8,1135
2023-02-10,22.5,8.0,14.8,2.3,2.0,23.4,19.37,1136
2023-02-11,21.5,6.7,12.8,0.0,0.0,24.1,19.09,1137
2023-02-12,24.1,8.3,15.3,0.0,0.0,15.6,22.58,1138
2023-02-13,26.3,7.7,16.2,0.0,0.0,16.6,22.41,1139
2023-02-14,26.0,6.3,15.8,0.0,0.0,15.0,24.18,1140
2023-02-15,26.6,6.2,15.7,0.0,0.0,11.3,24.51,1141
2023-02-16,28.0,6.8,17.2,0.0,0.0,16.3,24.59,1142
2023-02-17,25.5,8.0,14.9,0.0,0.0,20.2,22.39,1143
2023-02-18,24.9,3.8,13.8,0.0,0.0,17.6,24.63,1144
2023-02-19,25.5,7.5,15.7,0.0,0.0,20.0,25.11,1145
2023-02-20,25.9,7.3,15.9,0.0,0.0,10.5,24.85,1146
2023-02-21,25.6,6.4,15.9,0.0,0.0,22.7,23.51,1147
2023-02-22,25.2,5.9,15.2,0.0,0.0,14.8,22.74,1148
2023-02-23,26.5,7.0,16.6,0.0,0.0,12.3,25.35,1149
2023-02-24,25.7,12.4,18.2,0.0,0.0,19.4,25.73,1150
2023-02-25,25.8,9.9,16.5,0.0,0.0,25.0,24.18,1151
2023-02-26,26.4,9.5,17.7,0.0,0.0,16.2,21.19,1152
2023-02-27,26.8,11.5,19.2,0.0,0.0,13.5,23.94,1153
2023-02-28,28.2,11.5,19.5,0.0,0.0,23.2,24.14,1154
2023-03-01,28.4,9.7,18.6,0.1,1.0,24.0,22.83,1155
2023-03-02,30.0,10.1,19.3,0.0,0.0,19.3,26.25,1156
2023-03-03,29.5,7.8,18.1,0.0,0.0,22.0,26.77,1157
2023-03-04,28.5,7.4,18.0,0.0,0.0,19.2,26.71,1158
2023-03-05,28.6,10.8,19.2,0.0,0.0,16.1,22.72,1159
2023-03-06,28.7,9.5,19.5,0.0,0.0,20.2,24.87,1160
2023-03-07,28.0,11.5,19.7,0.0,0.0,23.4,26.66,1161
2023-03-08,27.7,9.9,18.7,0.0,0.0,15.6,27.07,1162
2023-03-09,27.9,7.9,18.5,0.0,0.0,19.3,26.47,1163
2023-03-10,27.1,9.1,19.1,0.0,0.0,25.4,25.6,1164
2023-03-11,28.1,8.7,18.5,0.0,0.0,20.1,25.51,1165
2023-03-12,25.2,9.8,17.3,0.3,2.0,17.1,20.62,1166
2023-03-13,24.7,10.9,17.5,0.0,0.0,17.6,21.69,1167
2023-03-14,24.4,8.0,16.3,0.3,1.0,22.9,22.49,1168
2023-03-15,22.4,10.6,15.2,1.0,5.0,20.2,21.67,1169
2023-03-16,22.8,7.0,14.9,0.0,0.0,16.8,21.21,1170
2023-03-17,23.8,7.4,15.7,0.2,2.0,15.6,25.86,1171
2023-03-18,22.5,8.0,15.2,0.5,1.0,18.3,24.16,1172
2023-03-19,21.5,6.1,12.9,3.2,7.0,21.6,24.0,1173
2023-03-20,24.0,3.8,14.0,0.0,0.0,18.8,26.69,1174
2023-03-21,26.4,6.7,16.5,0.0,0.0,9.7,27.32,1175
2023-03-22,27.3,10.1,18.7,0.0,0.0,20.2,26.41,1176
2023-03-23,27.7,9.4,18.8,0.0,0.0,22.4,24.74,1177
2023-03-24,28.0,10.5,18.7,0.0,0.0,18.2,25.52,1178
2023-03-25,27.2,10.7,18.5,0.4,1.0,25.8,24.45,1179
2023-03-26,28.6,10.2,19.1,0.0,0.0,17.5,25.91,1180
2023-03-27,29.3,10.8,19.6,0.1,1.0,13.0,24.53,1181
2023-03-28,28.6,12.6,18.4,3.9,3.0,37.8,24.52,1182
2023-03-29,26.6,12.9,17.9,1.0,5.0,17.2,25.2,1183
2023-03-30,27.1,9.6,17.5,0.0,0.0,18.8,25.15,1184
2023-03-31,28.0,10.1,19.3,0.0,0.0,16.6,27.15,1185
2023-04-01,30.1,12.8,20.7,0.0,0.0,24.0,27.33,1186
2023-04-02,29.4,11.2,20.8,0.0,0.0,14.8,27.4,1187
2023-04-03,30.0,12.8,21.3,0.0,0.0,12.8,26.94,1188
2023-04-04,29.9,11.6,20.3,0.0,0.0,25.7,24.42,1189
2023-04-05,30.7,11.2,20.4,0.0,0.0,25.8,27.89,1190
2023-04-06,29.1,12.9,19.9,0.0,0.0,26.0,27.18,1191
2023-04-07,27.3,12.7,19.2,0.3,1.0,17.4,26.21,1192
2023-04-08,26.2,11.9,18.5,0.1,1.0,18.5,25.32,1193
2023-04-09,25.9,10.3,18.0,0.9,1.0,22.7,22.67,1194
2023-04-10,24.2,12.0,16.7,3.7,7.0,26.6,19.77,1195
2023-04-11,19.9,11.2,15.2,1.0,8.0,16.9,17.54,1196
2023-04-12,23.5,9.4,16.3,0.4,2.0,16.4,24.69,1197
2023-04-13,24.5,8.1,16.1,2.3,1.0,17.3,25.9,1198
2023-04-14,25.7,7.6,16.7,0.0,0.0,15.0,26.65,1199
2023-04-15,26.1,8.4,17.6,0.0,0.0,21.9,27.0,1200
2023-04-16,26.4,12.0,17.9,0.2,2.0,31.9,25.41,1201
2023-04-17,23.3,10.6,16.9,1.1,3.0,14.1,23.27,1202
2023-04-18,27.0,9.9,18.7,0.0,0.0,13.0,25.52,1203
2023-04-19,28.2,10.2,19.2,0.0,0.0,18.5,24.04,1204
2023-04-20,29.0,11.2,19.4,0.8,3.0,28.2,24.57,1205
2023-04-21,29.3,10.3,20.0,0.0,0.0,19.7,26.21,1206
2023-04-22,26.8,11.2,18.8,2.0,2.0,26.4,22.51,1207
2023-04-23,27.4,10.3,19.3,0.3,2.0,29.7,25.79,1208
2023-04-24,27.1,11.8,19.7,0.0,0.0,17.5,25.73,1209
2023-04-25,30.2,11.4,20.9,0.0,0.0,14.1,28.3,1210
2023-04-26,28.7,11.8,19.9,0.0,0.0,24.4,23.27,1211
2023-04-27,29.7,11.3,20.4,0.1,1.0,18.4,23.36,1212
2023-04-28,27.5,10.6,19.8,0.0,0.0,19.3,27.43,1213
2023-04-29,28.5,10.1,18.8,0.3,2.0,28.4,26.92,1214
2023-04-30,27.3,10.0,18.9,0.0,0.0,19.4,28.43,1215
2023-05-01,30.0,10.3,19.7,0.0,0.0,18.3,27.12,1216
2023-05-02,29.8,9.1,19.9,0.0,0.0,15.6,28.03,1217
2023-05-03,29.1,12.1,20.8,0.0,0.0,23.0,27.06,1218
2023-05-04,28.3,12.2,19.9,2.0,1.0,17.1,21.01,1219
2023-05-05,28.3,11.8,19.1,1.6,4.0,22.3,21.01,1220
2023-05-06,28.5,11.5,19.9,1.2,1.0,35.0,24.59,1221
2023-05-07,28.5,12.4,19.5,0.2,1.0,29.8,24.65,1222
2023-05-08,26.0,12.4,18.2,4.5,5.0,24.2,22.8,1223
2023-05-09,24.5,10.6,17.3,2.7,3.0,23.8,22.47,1224
2023-05-10,26.6,10.7,18.2,1.3,5.0,18.4,24.12,1225
2023-05-11,27.1,9.5,18.5,0.4,2.0,24.0,25.55,1226
2023-05-12,26.8,9.8,18.2,0.0,0.0,21.8,24.79,1227
2023-05-13,26.1,10.1,17.2,7.1,2.0,20.1,23.58,1228
2023-05-14,24.0,10.1,16.3,2.8,5.0,15.9,23.35,1229
2023-05-15,23.6,8.9,16.9,0.0,0.0,15.3,25.39,1230
2023-05-16,22.7,9.6,16.0,1.8,6.0,25.6,19.4,1231
2023-05-17,23.6,8.2,16.2,1.6,4.0,13.4,23.39,1232
2023-05-18,24.6,9.2,16.8,0.3,2.0,25.9,22.41,1233
2023-05-19,27.1,10.0,18.0,1.0,2.0,23.2,23.71,1234
2023-05-20,26.4,13.5,19.0,0.1,1.0,16.3,23.01,1235
2023-05-21,23.1,14.2,17.4,4.2,10.0,11.7,19.69,1236
2023-05-22,23.6,11.7,17.1,8.3,8.0,19.7,22.02,1237
2023-05-23,24.6,11.4,17.6,0.0,0.0,14.0,22.54,1238
2023-05-24,25.8,11.2,18.7,0.0,0.0,18.0,24.39,1239
2023-05-25,27.1,11.1,19.3,9.3,4.0,23.6,24.0,1240
2023-05-26,26.0,11.6,18.6,0.6,5.0,16.6,25.42,1241
2023-05-27,25.8,13.1,18.8,0.1,1.0,14.4,26.14,1242
2023-05-28,23.7,12.8,17.2,11.7,8.0,27.7,19.59,1243
2023-05-29,22.8,9.7,16.5,0.8,3.0,16.1,23.6,1244
2023-05-30,27.0,9.2,18.3,0.0,0.0,17.4,26.04,1245
2023-05-31,26.8,11.6,19.4,0.1,1.0,15.3,25.4,1246
2023-06-01,29.4,11.3,19.8,0.8,2.0,20.6,24.82,1247
2023-06-02,31.1,12.3,21.4,0.0,0.0,15.7,28.65,1248
2023-06-03,31.0,12.6,21.9,0.0,0.0,21.2,26.53,1249
2023-06-04,31.3,11.4,21.6,0.0,0.0,25.6,28.36,1250
2023-06-05,29.8,11.5,20.3,0.6,3.0,23.5,27.4,1251
2023-06-06,27.8,11.7,19.5,0.8,2.0,16.3,24.69,1252
2023-06-07,25.0,11.5,17.7,0.4,2.0,24.2,20.17,1253
2023-06-08,27.8,10.9,19.3,0.0,0.0,11.8,25.7,1254
2023-06-09,30.8,11.4,21.2,0.0,0.0,17.3,29.57,1255
2023-06-10,31.5,12.5,22.5,0.0,0.0,12.6,28.18,1256
2023-06-11,31.8,13.3,22.1,4.6,1.0,18.8,26.24,1257
2023-06-12,32.9,14.0,23.6,0.0,0.0,26.0,28.66,1258
2023-06-13,33.7,14.3,24.0,0.0,0.0,22.0,31.49,1259
2023-06-14,32.9,14.6,23.9,0.0,0.0,23.0,30.54,1260
2023-06-15,32.9,13.6,23.5,0.0,0.0,20.2,29.83,1261
2023-06-16,32.7,15.0,23.8,0.0,0.0,28.8,28.32,1262
2023-06-17,32.7,14.6,23.4,0.0,0.0,30.4,28.3,1263
2023-06-18,33.1,14.9,23.7,0.0,0.0,24.2,30.98,1264
2023-06-19,34.2,13.9,24.0,0.0,0.0,22.7,30.62,1265
2023-06-20,34.6,14.8,24.2,0.0,0.0,33.2,29.26,1266
2023-06-21,32.8,15.9,24.1,0.0,0.0,26.3,28.95,1267
2023-06-22,31.7,14.9,23.3,0.0,0.0,29.7,30.31,1268
2023-06-23,30.5,15.1,22.3,0.0,0.0,29.5,28.32,1269
2023-06-24,29.7,12.5,20.8,9.7,5.0,25.9,26.76,1270
2023-06-25,28.4,14.6,20.3,4.3,10.0,25.3,23.8,1271
2023-06-26,25.4,13.2,18.1,0.9,4.0,22.8,20.24,1272
2023-06-27,25.0,12.4,18.0,1.4,5.0,14.4,26.98,1273
2023-06-28,26.6,12.8,18.7,3.2,8.0,24.6,23.82,1274
2023-06-29,23.7,14.0,18.2,4.1,10.0,14.0,18.31,1275
2023-06-30,25.6,13.8,18.5,1.3,5.0,19.5,23.33,1276
2023-07-01,24.5,12.3,18.6,5.2,5.0,18.9,25.41,1277
2023-07-02,24.0,13.6,18.3,7.2,5.0,11.7,24.98,1278
2023-07-03,24.7,13.6,18.2,3.6,9.0,14.8,26.49,1279
2023-07-04,24.5,13.9,18.1,9.1,8.0,11.6,21.93,1280
2023-07-05,24.5,13.7,18.3,8.0,9.0,18.6,20.9,1281
2023-07-06,23.3,13.0,17.8,23.2,14.0,14.6,23.43,1282
2023-07-07,26.0,15.4,19.4,1.1,3.0,22.9,24.58,1283
2023-07-08,24.8,14.2,18.6,9.6,14.0,15.5,27.11,1284
2023-07-09,24.7,14.1,18.3,5.4,15.0,16.4,26.22,1285
2023-07-10,23.4,13.7,17.8,2.0,5.0,17.9,24.34,1286
2023-07-11,23.3,12.2,17.4,7.1,3.0,11.4,25.55,1287
2023-07-12,24.0,12.0,17.8,0.1,1.0,12.6,27.72,1288
2023-07-13,24.8,13.2,18.2,0.2,1.0,15.8,27.54,1289
2023-07-14,25.2,10.7,17.9,0.4,2.0,22.8,27.55,1290
2023-07-15,25.7,13.3,18.8,0.8,2.0,26.3,27.57,1291
2023-07-16,26.2,12.1,18.4,0.8,4.0,21.7,26.7,1292
2023-07-17,23.8,13.0,17.1,6.2,5.0,17.7,24.09,1293
2023-07-18,25.4,12.5,17.6,0.5,2.0,16.4,27.53,1294
2023-07-19,26.3,12.6,17.9,1.5,7.0,16.0,26.68,1295
2023-07-20,26.4,12.3,18.5,1.6,4.0,23.4,27.57,1296
2023-07-21,24.9,12.1,18.3,9.7,4.0,19.7,26.36,1297
2023-07-22,24.3,13.0,17.7,8.4,14.0,20.1,23.81,1298
2023-07-23,24.1,13.5,17.8,10.0,10.0,15.2,22.94,1299
2023-07-24,22.7,13.1,16.7,9.2,16.0,12.8,20.23,1300
2023-07-25,21.5,13.8,16.8,7.1,13.0,14.5,21.22,1301
2023-07-26,22.5,12.6,17.0,5.5,12.0,14.4,25.75,1302
2023-07-27,18.3,12.0,15.3,8.5,17.0,11.4,13.62,1303
2023-07-28,20.5,10.3,15.1,0.4,3.0,7.5,21.32,1304
2023-07-29,23.1,10.4,15.9,2.4,6.0,16.4,27.1,1305
2023-07-30,22.9,12.3,16.5,12.9,10.0,13.6,20.24,1306
2023-07-31,22.6,11.8,16.5,12.4,10.0,15.5,22.09,1307
2023-08-01,24.4,13.5,17.4,7.0,12.0,16.4,25.41,1308
2023-08-02,23.2,12.7,17.0,4.4,11.0,17.3,26.91,1309
2023-08-03,22.8,12.1,16.4,12.3,8.0,8.8,22.49,1310
2023-08-04,20.3,13.7,16.6,11.4,9.0,13.9,15.59,1311
2023-08-05,22.8,13.7,17.0,16.7,11.0,13.7,21.81,1312
2023-08-06,21.7,13.1,16.8,2.0,7.0,12.0,23.16,1313
2023-08-07,24.4,13.1,17.5,0.3,1.0,14.7,27.87,1314
2023-08-08,24.4,10.8,17.5,1.0,3.0,9.6,27.34,1315
2023-08-09,25.0,11.1,18.0,0.1,1.0,9.0,28.1,1316
2023-08-10,24.8,13.4,18.1,0.7,2.0,12.8,23.59,1317
2023-08-11,24.8,12.8,18.5,0.8,3.0,12.9,26.55,1318
2023-08-12,24.6,13.0,18.2,2.5,4.0,11.3,27.76,1319
2023-08-13,23.9,12.2,17.5,3.1,4.0,21.7,26.21,1320
2023-08-14,24.7,13.8,17.8,14.8,13.0,24.0,23.79,1321
2023-08-15,24.0,11.2,17.1,1.4,9.0,19.3,23.35,1322
2023-08-16,22.1,11.9,16.3,5.7,12.0,16.6,20.5,1323
2023-08-17,21.9,13.4,16.5,12.7,19.0,11.8,20.52,1324
2023-08-18,21.8,11.3,16.4,4.7,10.0,11.6,19.96,1325
2023-08-19,22.3,12.7,16.6,13.0,11.0,12.8,23.74,1326
2023-08-20,20.2,13.2,16.2,1.0,7.0,19.6,16.17,1327
2023-08-21,22.2,10.0,16.1,5.0,10.0,14.4,26.11,1328
2023-08-22,23.1,12.9,17.3,6.6,12.0,15.9,25.35,1329
2023-08-23,24.1,13.3,17.1,13.0,14.0,25.2,24.29,1330
2023-08-24,22.9,13.2,16.9,5.5,12.0,25.1,25.46,1331
2023-08-25,21.8,9.8,15.6,1.8,8.0,11.5,23.89,1332
2023-08-26,21.0,10.8,15.7,2.3,8.0,17.1,20.28,1333
2023-08-27,22.6,13.3,17.3,1.7,11.0,11.2,20.79,1334
2023-08-28,21.1,14.6,17.0,7.5,17.0,11.3,15.99,1335
2023-08-29,23.6,12.1,17.8,0.4,3.0,15.5,28.19,1336
2023-08-30,23.7,12.9,17.8,0.0,0.0,10.6,28.5,1337
2023-08-31,22.4,12.6,16.7,19.2,12.0,16.0,21.82,1338
2023-09-01,22.2,12.4,16.7,6.0,9.0,11.4,23.45,1339
2023-09-02,23.9,13.0,18.1,1.2,2.0,15.1,27.9,1340
2023-09-03,22.7,13.0,16.9,8.6,10.0,20.2,22.85,1341
2023-09-04,23.1,11.5,17.4,0.0,0.0,10.7,25.65,1342
2023-09-05,24.8,13.0,17.9,7.7,4.0,16.8,24.23,1343
2023-09-06,23.4,11.9,17.1,2.6,7.0,10.0,24.34,1344
2023-09-07,23.3,13.1,17.7,0.9,8.0,15.3,26.01,1345
2023-09-08,23.8,12.3,17.9,0.2,2.0,19.5,26.15,1346
2023-09-09,23.7,10.0,16.8,0.1,1.0,24.2,27.98,1347
2023-09-10,24.0,10.7,17.0,0.1,1.0,20.5,25.69,1348
2023-09-11,23.7,9.2,16.5,0.3,3.0,26.0,27.3,1349
2023-09-12,24.5,11.0,17.4,0.0,0.0,18.9,27.59,1350
2023-09-13,24.9,12.6,18.1,0.0,0.0,20.0,25.03,1351
2023-09-14,25.8,13.1,18.7,0.1,1.0,13.8,27.45,1352
2023-09-15,25.4,14.2,18.3,2.6,8.0,10.0,24.03,1353
2023-09-16,24.1,13.1,17.4,9.4,13.0,13.6,20.94,1354
2023-09-17,21.7,12.6,16.2,16.5,13.0,10.5,18.08,1355
2023-09-18,23.1,12.5,16.8,17.3,11.0,11.6,21.69,1356
2023-09-19,23.3,13.0,17.2,9.9,11.0,12.6,24.5,1357
2023-09-20,24.4,12.0,17.9,0.0,0.0,17.5,26.56,1358
2023-09-21,24.5,13.1,17.9,0.0,0.0,18.0,25.46,1359
2023-09-22,25.6,11.3,18.0,0.3,2.0,24.5,24.62,1360
2023-09-23,27.0,13.3,19.0,0.0,0.0,26.8,27.15,1361
2023-09-24,27.5,10.8,18.6,0.0,0.0,30.3,27.33,1362
2023-09-25,27.4,9.4,17.8,0.0,0.0,32.9,27.08,1363
2023-09-26,26.9,9.2,17.7,0.0,0.0,30.0,26.22,1364
2023-09-27,27.3,10.4,18.1,0.0,0.0,25.5,26.99,1365
2023-09-28,27.1,10.3,18.3,0.0,0.0,18.9,27.05,1366
2023-09-29,26.7,12.1,18.5,0.0,0.0,22.9,24.35,1367
2023-09-30,26.7,11.9,18.9,0.0,0.0,21.3,23.1,1368
2023-10-01,26.9,12.4,19.1,0.0,0.0,17.9,23.46,1369
2023-10-02,27.4,12.6,18.5,3.7,10.0,22.0,21.24,1370
2023-10-03,24.5,14.2,18.1,2.6,8.0,15.2,20.56,1371
2023-10-04,24.8,13.6,18.6,3.9,4.0,13.7,22.47,1372
2023-10-05,25.2,12.4,18.4,4.5,5.0,16.3,23.46,1373
2023-10-06,26.4,11.5,17.8,0.5,3.0,26.2,24.94,1374
2023-10-07,22.6,13.7,16.7,3.7,16.0,26.2,14.66,1375
2023-10-08,19.3,13.4,15.5,4.2,11.0,16.2,9.96,1376
2023-10-09,22.5,12.2,16.4,2.8,5.0,15.5,15.35,1377
2023-10-10,24.9,13.2,17.6,3.6,10.0,13.7,20.78,1378
2023-10-11,23.3,11.6,17.2,0.8,5.0,15.0,15.29,1379
2023-10-12,24.1,10.4,16.7,0.3,3.0,9.0,21.99,1380
2023-10-13,24.9,11.2,17.6,0.1,1.0,11.3,21.86,1381
2023-10-14,26.5,12.7,18.6,1.4,6.0,23.4,21.33,1382
2023-10-15,22.4,13.5,16.4,1.9,10.0,22.5,13.06,1383
2023-10-16,21.6,10.6,15.2,0.7,7.0,21.7,15.76,1384
2023-10-17,20.6,9.2,13.7,0.3,3.0,17.7,20.05,1385
2023-10-18,23.6,7.9,15.5,0.0,0.0,13.1,22.46,1386
2023-10-19,24.5,10.7,17.2,0.0,0.0,22.1,22.4,1387
2023-10-20,24.9,12.2,17.0,0.0,0.0,16.4,20.85,1388
2023-10-21,26.8,9.2,17.5,0.0,0.0,13.2,23.62,1389
2023-10-22,27.1,10.1,17.6,0.0,0.0,15.6,23.67,1390
2023-10-23,27.1,10.1,17.9,0.0,0.0,22.3,21.58,1391
2023-10-24,27.0,10.8,18.1,0.9,4.0,20.0,21.46,1392
2023-10-25,17.0,13.7,15.4,12.8,20.0,5.9,5.08,1393
2023-10-26,22.9,13.5,17.2,0.9,4.0,14.6,17.38,1394
2023-10-27,24.7,13.2,17.7,0.6,5.0,19.7,19.99,1395
2023-10-28,23.9,11.6,16.7,0.0,0.0,22.9,21.82,1396
2023-10-29,24.9,11.3,16.7,0.0,0.0,16.5,21.54,1397
2023-10-30,22.9,9.4,16.2,0.0,0.0,18.7,22.41,1398
2023-10-31,24.3,9.2,15.7,0.0,0.0,23.3,20.33,1399
2023-11-01,21.9,8.2,13.2,0.0,0.0,24.4,18.7,1400
2023-11-02,24.1,6.9,14.6,0.3,1.0,20.9,19.35,1401
2023-11-03,26.2,8.7,16.5,0.0,0.0,24.1,21.51,1402
2023-11-04,25.1,8.6,15.9,0.0,0.0,28.6,22.89,1403
2023-11-05,26.4,7.8,16.0,0.0,0.0,24.1,22.55,1404
2023-11-06,27.2,9.6,17.4,0.0,0.0,24.0,21.19,1405
2023-11-07,28.0,12.9,20.0,0.0,0.0,9.8,21.25,1406
2023-11-08,28.4,12.2,20.7,0.0,0.0,17.0,21.3,1407
2023-11-09,27.7,11.1,18.4,4.7,4.0,22.8,19.29,1408
2023-11-10,25.7,11.1,17.5,0.1,1.0,18.4,18.43,1409
2023-11-11,25.1,12.9,17.9,0.7,7.0,15.2,17.87,1410
2023-11-12,25.5,9.4,16.8,0.1,1.0,22.0,19.36,1411
2023-11-13,24.2,13.3,17.6,0.2,2.0,17.0,17.29,1412
2023-11-14,22.5,12.1,15.8,0.0,0.0,21.9,16.47,1413
2023-11-15,24.8,9.3,16.0,0.0,0.0,22.0,20.97,1414
2023-11-16,25.1,5.1,15.4,0.0,0.0,16.3,21.96,1415
2023-11-17,27.5,11.1,18.0,0.0,0.0,19.9,21.89,1416
2023-11-18,25.9,10.6,17.4,0.0,0.0,16.9,21.82,1417
2023-11-19,27.9,11.5,19.2,0.0,0.0,11.6,21.35,1418
2023-11-20,29.1,8.7,18.1,0.0,0.0,20.9,19.98,1419
2023-11-21,25.5,9.6,16.6,0.1,1.0,28.7,18.7,1420
2023-11-22,21.4,8.3,13.2,9.8,6.0,21.2,13.85,1421
2023-11-23,18.7,9.1,13.6,3.1,4.0,15.1,8.37,1422
2023-11-24,22.8,4.6,13.2,0.0,0.0,9.0,21.2,1423
2023-11-25,24.1,5.7,14.0,0.0,0.0,18.2,20.61,1424
2023-11-26,22.5,6.9,14.6,0.0,0.0,19.7,19.48,1425
2023-11-27,20.6,9.1,14.4,0.6,1.0,16.9,13.41,1426
2023-11-28,21.3,9.3,15.0,0.4,3.0,17.0,13.52,1427
2023-11-29,20.5,9.5,14.4,0.6,4.0,14.3,15.59,1428
2023-11-30,23.7,7.0,14.7,0.0,0.0,13.0,16.85,1429
2023-12-01,24.0,7.5,15.0,0.0,0.0,10.2,16.77,1430
2023-12-02,21.4,9.1,14.9,0.3,2.0,16.3,11.2,1431
2023-12-03,19.5,10.8,14.6,3.8,4.0,13.0,13.83,1432
2023-12-04,20.2,11.1,15.0,0.1,1.0,20.6,14.82,1433
2023-12-05,20.4,10.9,14.7,0.5,4.0,21.3,14.97,1434
2023-12-06,18.7,11.9,13.9,1.2,10.0,17.8,10.03,1435
2023-12-07,17.0,9.8,12.8,3.7,4.0,16.4,13.7,1436
2023-12-08,20.7,7.0,13.2,0.4,2.0,10.3,16.83,1437
2023-12-09,21.1,10.4,14.9,0.2,1.0,10.0,18.16,1438
2023-12-10,18.5,9.3,13.3,0.5,3.0,19.6,12.54,1439
2023-12-11,14.2,7.1,10.7,8.3,16.0,7.9,6.08,1440
2023-12-12,17.0,6.2,11.3,0.0,0.0,14.7,15.83,1441
2023-12-13,17.7,7.2,11.8,0.0,0.0,12.6,13.64,1442
2023-12-14,18.6,9.5,13.2,0.4,4.0,15.4,12.87,1443
2023-12-15,18.2,9.2,13.2,1.4,5.0,12.9,12.91,1444
2023-12-16,18.3,9.8,13.4,2.9,12.0,12.0,12.44,1445
2023-12-17,20.0,9.0,12.9,0.9,5.0,11.3,19.04,1446
2023-12-18,20.3,7.0,12.9,0.0,0.0,17.5,20.21,1447
2023-12-19,18.9,4.5,10.8,0.0,0.0,11.5,19.0,1448
2023-12-20,21.4,6.9,13.1,0.0,0.0,13.4,20.02,1449
2023-12-21,22.1,5.2,13.0,0.0,0.0,16.5,19.67,1450
2023-12-22,22.1,3.3,12.5,0.0,0.0,19.8,19.27,1451
2023-12-23,22.3,3.9,12.6,0.0,0.0,8.4,17.27,1452
2023-12-24,24.3,6.2,13.9,0.0,0.0,12.2,17.35,1453
2023-12-25,23.1,6.7,13.7,0.0,0.0,17.2,15.96,1454
2023-12-26,18.3,8.4,13.0,1.2,6.0,19.1,10.83,1455
2023-12-27,17.5,5.1,12.0,0.4,4.0,11.2,9.56,1456
2023-12-28,20.0,2.3,9.4,0.0,0.0,12.2,19.88,1457
2023-12-29,19.8,1.5,9.5,0.0,0.0,26.6,19.33,1458
2023-12-30,18.9,3.1,10.0,0.0,0.0,10.2,19.25,1459
2023-12-31,22.2,3.2,12.6,0.0,0.0,11.4,20.2,1460
2024-01-01,21.7,7.9,14.3,0.0,0.0,12.2,20.12,1461
2024-01-02,23.0,5.3,13.9,0.0,0.0,10.9,16.94,1462
2024-01-03,24.2,7.4,14.4,0.0,0.0,14.0,19.42,1463
2024-01-04,24.7,3.4,13.1,0.0,0.0,16.9,20.17,1464
2024-01-05,23.3,4.5,13.1,0.0,0.0,13.8,20.12,1465
2024-01-06,24.0,4.0,13.5,0.0,0.0,13.1,20.17,1466
2024-01-07,21.3,8.2,14.1,0.0,0.0,23.0,12.38,1467
2024-01-08,24.1,6.8,14.5,0.0,0.0,20.2,16.91,1468
2024-01-09,24.1,6.9,14.2,0.0,0.0,14.8,18.2,1469
2024-01-10,24.6,4.0,13.3,0.0,0.0,19.4,19.51,1470
2024-01-11,26.4,5.6,14.7,0.0,0.0,17.4,19.12,1471
2024-01-12,27.3,6.2,16.1,0.0,0.0,9.8,20.44,1472
2024-01-13,25.1,6.3,15.2,0.0,0.0,18.1,13.86,1473
2024-01-14,25.1,7.6,15.4,0.0,0.0,8.6,16.62,1474
2024-01-15,26.0,6.1,16.1,0.0,0.0,11.0,20.92,1475
2024-01-16,26.5,10.8,17.3,0.0,0.0,9.4,20.56,1476
2024-01-17,25.6,8.5,16.4,0.0,0.0,9.0,18.75,1477
2024-01-18,24.7,11.4,17.5,0.0,0.0,12.5,18.99,1478
2024-01-19,23.4,13.3,17.5,0.0,0.0,17.8,13.74,1479
2024-01-20,17.4,8.5,12.7,0.1,1.0,14.1,7.94,1480
2024-01-21,18.7,8.4,14.0,0.6,4.0,13.4,12.16,1481
2024-01-22,22.7,4.9,13.1,0.0,0.0,9.0,18.21,1482
2024-01-23,24.0,5.6,14.1,0.0,0.0,12.6,19.7,1483
2024-01-24,25.4,5.3,14.7,0.0,0.0,20.5,21.23,1484
2024-01-25,25.8,6.2,15.1,0.0,0.0,20.6,20.9,1485
2024-01-26,25.2,5.4,15.0,0.0,0.0,16.6,21.3,1486
2024-01-27,24.7,4.9,14.8,0.0,0.0,24.3,22.36,1487
2024-01-28,22.8,8.5,14.1,0.0,0.0,20.0,18.8,1488
2024-01-29,21.3,7.3,13.4,0.0,0.0,18.5,14.9,1489
2024-01-30,20.6,8.4,14.2,0.0,0.0,23.1,12.36,1490
2024-01-31,21.3,11.1,15.6,0.3,3.0,13.6,11.28,1491
2024-02-01,19.6,9.2,13.9,0.2,1.0,9.6,12.78,1492
2024-02-02,25.5,5.4,14.1,0.0,0.0,23.5,21.35,1493
2024-02-03,24.9,3.5,13.7,0.0,0.0,17.2,23.45,1494
2024-02-04,24.7,2.9,13.8,0.0,0.0,25.3,23.73,1495
2024-02-05,23.7,9.6,16.0,0.0,0.0,19.7,23.95,1496
2024-02-06,25.7,8.2,15.5,0.0,0.0,15.5,23.95,1497
2024-02-07,26.9,9.1,17.0,0.0,0.0,7.7,23.62,1498
2024-02-08,29.9,8.9,18.1,0.0,0.0,22.1,23.85,1499
2024-02-09,29.2,8.9,18.3,0.0,0.0,17.3,23.82,1500
2024-02-10,28.7,6.0,16.6,0.0,0.0,17.9,24.15,1501
2024-02-11,27.1,6.4,16.5,0.0,0.0,19.1,23.7,1502
2024-02-12,26.4,7.8,16.6,0.0,0.0,19.4,19.8,1503
2024-02-13,23.3,10.2,16.3,0.0,0.0,17.6,17.47,1504
2024-02-14,23.2,9.7,16.4,0.0,0.0,17.3,17.51,1505
2024-02-15,25.5,11.9,17.2,0.0,0.0,21.3,18.69,1506
2024-02-16,25.7,7.0,15.9,0.0,0.0,21.0,20.11,1507
2024-02-17,17.6,7.4,12.5,11.6,14.0,14.8,9.65,1508
2024-02-18,19.6,6.5,11.4,0.0,0.0,14.4,22.84,1509
2024-02-19,23.4,3.2,13.3,0.0,0.0,13.5,25.46,1510
2024-02-20,24.7,9.8,16.2,0.0,0.0,13.6,25.85,1511
2024-02-21,26.2,8.3,16.8,0.0,0.0,13.8,25.93,1512
2024-02-22,28.1,5.4,17.7,0.0,0.0,17.5,25.79,1513
2024-02-23,27.9,12.6,19.5,0.0,0.0,17.9,25.98,1514
2024-02-24,27.5,9.9,17.3,0.0,0.0,21.0,23.97,1515
2024-02-25,29.0,11.4,19.5,0.0,0.0,19.4,25.94,1516
2024-02-26,28.4,12.9,20.0,0.0,0.0,10.2,26.36,1517
2024-02-27,28.4,9.5,18.7,0.0,0.0,8.3,25.99,1518
2024-02-28,28.5,9.6,19.5,0.0,0.0,14.1,25.2,1519
2024-02-29,29.0,10.8,18.4,0.0,0.0,21.1,25.87,1520
2024-03-01,28.3,9.1,18.2,0.0,0.0,19.4,25.24,1521
2024-03-02,29.4,9.7,18.2,0.0,0.0,18.5,25.55,1522
2024-03-03,29.0,8.1,18.0,0.0,0.0,23.0,26.12,1523
2024-03-04,30.2,10.0,18.7,0.0,0.0,19.2,26.18,1524
2024-03-05,29.3,7.1,18.6,0.0,0.0,21.9,26.99,1525
2024-03-06,29.8,11.6,19.8,0.0,0.0,19.4,26.58,1526
2024-03-07,32.4,9.8,19.6,0.0,0.0,22.2,27.15,1527
2024-03-08,32.9,7.5,19.7,0.0,0.0,21.4,27.55,1528
2024-03-09,31.7,9.1,19.5,0.0,0.0,17.8,27.64,1529
2024-03-10,30.3,8.4,17.9,0.0,0.0,20.5,26.74,1530
2024-03-11,30.1,9.3,19.0,0.0,0.0,22.8,25.37,1531
2024-03-12,29.0,9.5,18.9,0.0,0.0,20.6,25.55,1532
2024-03-13,29.5,9.8,18.9,0.0,0.0,20.8,25.74,1533
2024-03-14,29.8,10.1,19.7,0.1,1.0,21.7,27.08,1534
2024-03-15,29.6,9.5,19.4,0.0,0.0,18.9,26.49,1535
2024-03-16,30.6,11.2,20.0,0.0,0.0,22.5,26.26,1536
2024-03-17,29.5,11.3,20.1,0.0,0.0,20.2,22.61,1537
2024-03-18,30.8,10.8,20.8,0.0,0.0,27.3,27.42,1538
2024-03-19,27.5,14.2,20.3,0.0,0.0,17.7,22.36,1539
2024-03-20,30.1,11.7,20.9,0.0,0.0,23.1,25.02,1540
2024-03-21,30.7,11.2,20.4,0.0,0.0,18.1,27.21,1541
2024-03-22,30.6,9.6,20.3,0.0,0.0,21.7,28.53,1542
2024-03-23,30.1,11.5,19.4,0.0,0.0,20.0,27.48,1543
2024-03-24,30.9,7.3,18.9,0.0,0.0,20.0,29.33,1544
2024-03-25,29.4,5.6,17.8,0.0,0.0,17.1,27.76,1545
2024-03-26,29.9,6.7,18.3,0.0,0.0,18.9,29.08,1546
2024-03-27,30.3,6.5,18.6,0.0,0.0,25.9,30.05,1547
2024-03-28,27.9,8.4,16.7,0.1,1.0,30.3,27.64,1548
2024-03-29,29.5,8.0,18.9,0.0,0.0,23.8,29.19,1549
2024-03-30,30.2,9.4,19.7,0.0,0.0,14.1,28.48,1550
2024-03-31,30.5,11.9,20.3,0.0,0.0,18.2,25.46,1551
2024-04-01,31.2,11.5,20.8,0.0,0.0,20.3,28.83,1552
2024-04-02,31.9,10.3,20.6,0.0,0.0,19.7,28.48,1553
2024-04-03,29.6,10.6,20.2,0.0,0.0,25.4,25.17,1554
2024-04-04,27.6,9.5,18.5,0.0,0.0,24.9,24.46,1555
2024-04-05,28.7,10.5,19.4,0.0,0.0,22.9,28.67,1556
2024-04-06,30.2,9.7,19.8,0.0,0.0,21.6,29.36,1557
2024-04-07,28.6,10.9,20.2,0.0,0.0,15.6,25.65,1558
2024-04-08,31.9,13.9,21.7,0.0,0.0,21.4,27.39,1559
2024-04-09,29.9,10.3,20.2,0.0,0.0,20.2,29.01,1560
2024-04-10,29.7,10.5,19.5,0.0,0.0,17.1,27.02,1561
2024-04-11,28.6,11.0,17.7,0.0,0.0,31.9,24.2,1562
2024-04-12,28.6,8.6,17.9,0.0,0.0,28.1,25.38,1563
2024-04-13,30.3,12.0,20.8,0.0,0.0,28.7,28.79,1564
2024-04-14,31.2,11.4,21.9,0.0,0.0,14.1,28.69,1565
2024-04-15,31.9,12.3,22.6,0.0,0.0,21.8,25.51,1566
2024-04-16,33.1,13.6,23.1,0.0,0.0,21.0,27.99,1567
2024-04-17,31.7,13.7,23.2,0.0,0.0,21.0,26.64,1568
2024-04-18,31.4,15.0,22.7,0.0,0.0,21.5,26.18,1569
2024-04-19,28.6,15.0,20.6,3.0,6.0,20.1,23.44,1570
2024-04-20,28.8,12.7,19.9,3.1,4.0,22.4,21.93,1571
2024-04-21,27.5,10.7,19.2,0.3,2.0,22.1,25.32,1572
2024-04-22,25.9,13.0,18.1,3.0,2.0,18.1,25.09,1573
2024-04-23,27.0,10.0,19.3,0.1,1.0,12.9,23.72,1574
2024-04-24,29.6,11.6,20.9,0.0,0.0,18.8,26.19,1575
2024-04-25,28.9,11.5,20.7,0.0,0.0,17.2,23.75,1576
2024-04-26,27.3,12.0,19.7,0.7,2.0,23.7,22.91,1577
2024-04-27,28.8,11.4,20.5,0.0,0.0,16.9,26.76,1578
2024-04-28,30.5,10.7,20.6,0.0,0.0,20.9,27.92,1579
2024-04-29,31.0,11.2,20.7,0.0,0.0,25.5,27.56,1580
2024-04-30,31.0,12.2,21.5,0.0,0.0,13.4,27.0,1581
2024-05-01,31.0,12.4,21.7,1.0,1.0,18.0,26.34,1582
2024-05-02,30.9,13.2,22.1,0.0,0.0,8.4,26.32,1583
2024-05-03,32.2,12.5,22.4,0.0,0.0,17.1,27.91,1584
2024-05-04,31.8,12.7,22.2,0.0,0.0,16.1,26.69,1585
2024-05-05,30.8,13.2,22.0,0.0,0.0,27.1,24.61,1586
2024-05-06,31.3,13.0,22.6,0.0,0.0,19.4,24.95,1587
2024-05-07,33.3,13.0,23.2,0.0,0.0,23.2,26.86,1588
2024-05-08,32.6,14.4,23.2,0.0,0.0,26.9,26.1,1589
2024-05-09,33.6,14.8,24.7,0.1,1.0,24.0,24.89,1590
2024-05-10,34.8,16.6,25.5,0.0,0.0,22.3,27.15,1591
2024-05-11,33.3,16.4,24.5,0.0,0.0,20.1,27.12,1592
2024-05-12,32.0,14.9,23.6,0.0,0.0,23.4,26.06,1593
2024-05-13,32.3,13.9,22.5,0.3,2.0,29.8,26.09,1594
2024-05-14,32.0,13.9,23.1,0.1,1.0,25.6,27.86,1595
2024-05-15,32.0,14.3,22.4,1.3,2.0,31.8,26.28,1596
2024-05-16,33.6,12.7,22.5,0.0,0.0,24.0,26.84,1597
2024-05-17,33.2,13.2,23.0,0.1,1.0,16.9,25.72,1598
2024-05-18,32.6,14.1,23.0,0.8,2.0,18.7,26.79,1599
2024-05-19,31.0,16.4,23.1,0.2,2.0,14.5,27.78,1600
2024-05-20,33.9,14.2,24.1,0.0,0.0,21.5,28.62,1601
2024-05-21,33.0,17.7,24.8,0.0,0.0,22.9,30.37,1602
2024-05-22,32.5,14.8,23.1,3.8,3.0,17.9,26.61,1603
2024-05-23,32.9,14.5,23.3,0.1,1.0,13.5,25.74,1604
2024-05-24,33.0,14.9,22.9,1.3,2.0,25.8,24.76,1605
2024-05-25,33.2,13.9,23.0,0.2,2.0,16.1,27.81,1606
2024-05-26,33.4,15.1,22.9,6.8,4.0,25.8,26.69,1607
2024-05-27,32.6,17.0,24.0,0.0,0.0,20.1,27.4,1608
2024-05-28,30.7,16.8,23.5,0.0,0.0,21.9,28.86,1609
2024-05-29,25.9,15.5,19.0,18.7,15.0,14.3,19.94,1610
2024-05-30,28.8,13.5,20.9,0.0,0.0,25.5,28.38,1611
2024-05-31,31.7,13.7,22.6,0.0,0.0,12.4,28.43,1612
2024-06-01,34.5,14.9,23.5,0.0,0.0,25.9,29.05,1613
2024-06-02,33.7,12.4,23.1,0.0,0.0,21.6,28.72,1614
2024-06-03,32.3,13.5,23.5,0.1,1.0,19.3,28.42,1615
2024-06-04,30.3,14.9,22.4,1.5,4.0,21.1,24.25,1616
2024-06-05,31.0,13.9,22.9,0.1,1.0,15.1,25.32,1617
2024-06-06,31.8,15.5,23.3,0.3,2.0,20.0,25.63,1618
2024-06-07,31.2,14.5,23.1,0.0,0.0,24.5,28.71,1619
2024-06-08,28.2,14.3,21.6,0.0,0.0,24.8,24.01,1620
2024-06-09,27.8,15.0,21.1,2.7,6.0,14.6,20.2,1621
2024-06-10,31.5,15.3,22.2,0.0,0.0,29.8,25.32,1622
2024-06-11,31.3,12.5,21.6,0.6,3.0,23.7,26.49,1623
2024-06-12,32.2,12.6,21.7,0.1,1.0,24.3,29.19,1624
2024-06-13,31.9,13.3,22.0,0.3,2.0,23.1,29.2,1625
2024-06-14,30.7,14.4,21.6,0.4,3.0,24.3,27.0,1626
2024-06-15,30.2,12.4,20.9,1.3,7.0,27.9,29.22,1627
2024-06-16,30.1,13.0,21.1,0.0,0.0,24.6,30.59,1628
2024-06-17,30.2,11.8,21.1,0.0,0.0,21.7,30.88,1629
2024-06-18,31.5,12.4,21.8,0.0,0.0,29.1,30.91,1630
2024-06-19,29.4,12.5,20.1,1.3,5.0,31.7,22.91,1631
2024-06-20,22.8,15.9,18.3,29.0,19.0,8.0,13.4,1632
2024-06-21,23.6,14.2,18.3,7.6,16.0,31.1,24.25,1633
2024-06-22,22.6,13.4,17.3,6.4,16.0,13.5,20.35,1634
2024-06-23,21.8,13.2,17.4,7.2,11.0,12.6,17.86,1635
2024-06-24,22.2,13.7,17.7,6.1,13.0,15.8,22.43,1636
2024-06-25,22.3,15.0,17.5,14.3,17.0,11.6,20.13,1637
2024-06-26,22.1,13.7,17.3,6.4,10.0,12.7,21.62,1638
2024-06-27,21.3,12.7,16.5,11.0,13.0,7.6,17.42,1639
2024-06-28,19.8,12.4,16.3,4.8,9.0,6.4,17.3,1640
2024-06-29,23.5,15.0,18.5,1.3,8.0,20.9,25.51,1641
2024-06-30,22.1,12.4,16.7,45.0,16.0,22.9,19.58,1642
2024-07-01,19.0,14.1,16.6,38.7,19.0,22.4,11.9,1643
2024-07-02,21.1,13.6,16.9,9.4,10.0,14.8,24.06,1644
2024-07-03,21.0,12.8,16.3,10.4,6.0,15.0,22.24,1645
2024-07-04,22.8,11.5,17.0,15.6,8.0,18.0,26.52,1646
2024-07-05,23.7,12.4,17.8,0.4,3.0,13.8,26.79,1647
2024-07-06,23.5,12.1,17.7,0.4,2.0,12.0,27.24,1648
2024-07-07,24.1,11.8,18.4,0.2,2.0,9.7,28.94,1649
2024-07-08,25.6,14.3,19.4,0.0,0.0,19.7,27.75,1650
2024-07-09,24.4,13.0,17.9,20.3,14.0,20.6,24.81,1651
2024-07-10,20.6,12.8,16.4,12.5,15.0,12.5,14.87,1652
2024-07-11,19.9,14.2,16.6,13.6,19.0,12.8,17.78,1653
2024-07-12,21.8,13.6,16.8,6.6,9.0,12.2,24.85,1654
2024-07-13,21.8,12.2,16.5,9.8,8.0,14.1,24.07,1655
2024-07-14,22.1,11.3,16.2,12.7,6.0,13.0,23.31,1656
2024-07-15,21.8,11.6,16.6,5.5,7.0,11.8,22.74,1657
2024-07-16,21.8,10.9,16.4,2.2,5.0,9.0,25.08,1658
2024-07-17,23.7,11.6,17.0,2.8,8.0,21.3,24.49,1659
2024-07-18,21.6,14.1,17.0,8.3,11.0,9.2,20.04,1660
2024-07-19,21.2,12.3,16.6,4.2,9.0,16.4,22.1,1661
2024-07-20,20.7,13.6,16.5,20.1,15.0,12.7,18.27,1662
2024-07-21,23.1,14.6,17.4,8.4,18.0,22.2,25.14,1663
2024-07-22,20.5,12.3,16.1,5.8,10.0,10.9,16.88,1664
2024-07-23,21.8,10.1,16.1,10.0,9.0,7.8,22.46,1665
2024-07-24,20.9,12.6,16.8,2.9,13.0,13.7,19.91,1666
2024-07-25,24.1,12.5,17.5,17.7,12.0,15.2,26.56,1667
2024-07-26,21.9,12.4,16.9,1.9,12.0,12.2,20.39,1668
2024-07-27,22.2,11.9,16.7,2.7,6.0,15.8,23.75,1669
2024-07-28,23.1,13.4,17.2,8.5,11.0,14.7,22.8,1670
2024-07-29,23.5,13.5,17.8,25.7,14.0,18.2,25.53,1671
2024-07-30,22.5,14.3,17.4,9.4,15.0,16.2,23.09,1672
2024-07-31,22.0,12.8,16.5,5.5,5.0,10.2,24.84,1673
2024-08-01,23.8,12.9,17.3,2.0,9.0,19.2,24.5,1674
2024-08-02,21.1,12.2,16.2,16.3,12.0,15.1,21.76,1675
2024-08-03,21.9,11.1,15.9,22.9,7.0,13.7,25.95,1676
2024-08-04,21.9,11.2,16.1,4.7,8.0,13.8,26.6,1677
2024-08-05,22.6,12.9,16.5,6.4,12.0,15.1,24.21,1678
2024-08-06,21.5,12.4,16.8,6.7,9.0,12.0,22.49,1679
2024-08-07,23.0,12.6,17.4,5.8,7.0,14.1,23.74,1680
2024-08-08,23.9,12.7,18.0,0.4,3.0,11.9,26.26,1681
2024-08-09,23.3,13.4,17.7,3.0,5.0,17.6,24.1,1682
2024-08-10,22.6,12.1,16.4,5.4,9.0,15.5,23.14,1683
2024-08-11,21.1,12.9,16.3,17.3,11.0,14.6,17.68,1684
2024-08-12,20.9,12.8,16.6,9.3,11.0,10.5,23.07,1685
2024-08-13,21.7,12.4,16.7,9.9,11.0,11.0,24.4,1686
2024-08-14,22.6,12.6,17.1,22.3,15.0,14.9,25.42,1687
2024-08-15,23.1,13.0,17.2,18.5,17.0,15.3,23.58,1688
2024-08-16,21.6,12.5,16.6,19.7,9.0,13.4,20.79,1689
2024-08-17,22.6,13.6,17.1,15.0,16.0,19.1,22.98,1690
2024-08-18,22.9,12.7,17.1,5.1,8.0,18.7,25.33,1691
2024-08-19,22.6,13.0,17.3,1.3,8.0,19.0,25.05,1692
2024-08-20,23.1,13.6,17.4,2.0,6.0,18.1,26.46,1693
2024-08-21,22.0,12.1,16.4,17.6,14.0,22.8,25.45,1694
2024-08-22,22.6,10.8,16.2,1.8,4.0,17.7,25.29,1695
2024-08-23,21.1,12.3,16.2,13.1,14.0,14.2,19.79,1696
2024-08-24,22.4,13.3,17.2,0.6,6.0,16.9,24.09,1697
2024-08-25,22.6,12.8,16.8,2.4,9.0,18.4,25.52,1698
2024-08-26,22.5,12.4,17.2,1.7,10.0,15.6,25.82,1699
2024-08-27,22.5,12.3,16.5,15.0,10.0,11.5,22.5,1700
2024-08-28,21.7,13.4,16.6,14.3,9.0,10.0,20.82,1701
2024-08-29,23.2,10.7,16.8,9.6,9.0,11.8,22.29,1702
2024-08-30,22.5,13.8,17.2,18.0,13.0,10.4,23.87,1703
2024-08-31,22.8,13.8,17.7,18.4,13.0,11.2,25.04,1704
2024-09-01,22.5,13.2,17.2,6.5,10.0,7.4,23.93,1705
2024-09-02,22.3,12.1,17.0,6.9,4.0,10.0,22.23,1706
2024-09-03,23.1,14.1,17.2,6.3,9.0,13.7,23.0,1707
2024-09-04,23.4,11.9,17.5,1.7,9.0,16.5,23.3,1708
2024-09-05,23.5,13.1,17.8,14.2,17.0,15.2,24.56,1709
2024-09-06,22.6,12.3,16.9,32.4,18.0,18.5,20.35,1710
2024-09-07,20.4,13.5,16.3,7.5,15.0,24.5,19.88,1711
2024-09-08,20.2,12.5,15.6,1.6,5.0,18.0,18.54,1712
2024-09-09,21.7,12.4,16.2,1.1,2.0,6.7,19.83,1713
2024-09-10,20.7,13.3,17.0,8.4,7.0,10.1,16.78,1714
2024-09-11,21.8,14.6,17.5,1.1,9.0,11.8,22.29,1715
2024-09-12,22.3,10.8,17.1,0.3,3.0,12.0,22.33,1716
2024-09-13,23.0,13.2,17.6,13.0,12.0,8.4,21.66,1717
2024-09-14,23.5,13.9,17.8,6.3,7.0,8.5,22.76,1718
2024-09-15,23.7,11.9,18.2,1.0,6.0,6.6,23.69,1719
2024-09-16,22.6,12.4,17.2,17.0,8.0,20.5,20.8,1720
2024-09-17,23.0,11.9,17.1,7.0,9.0,8.7,22.85,1721
2024-09-18,23.2,13.2,17.7,5.5,9.0,11.8,24.73,1722
2024-09-19,23.7,12.8,18.1,7.8,5.0,11.0,24.56,1723
2024-09-20,23.8,14.6,18.1,2.4,14.0,11.4,24.15,1724
2024-09-21,22.5,13.0,17.4,15.4,8.0,12.0,23.62,1725
2024-09-22,23.1,13.3,17.6,1.7,12.0,17.1,23.67,1726
2024-09-23,22.7,12.1,16.6,11.4,10.0,14.2,20.08,1727
2024-09-24,19.7,14.0,16.0,5.0,12.0,15.4,10.73,1728
2024-09-25,20.6,13.0,16.3,6.8,12.0,15.0,16.02,1729
2024-09-26,16.0,13.5,14.7,20.9,24.0,6.6,5.97,1730
2024-09-27,17.2,13.1,14.8,26.1,24.0,9.1,8.9,1731
2024-09-28,20.8,12.8,15.8,14.2,13.0,7.4,17.3,1732
2024-09-29,20.3,13.4,15.8,17.6,11.0,16.1,14.34,1733
2024-09-30,21.1,12.2,15.5,11.8,8.0,19.2,20.73,1734
2024-10-01,19.9,11.4,14.8,7.3,14.0,22.4,16.28,1735
2024-10-02,18.5,11.2,14.5,0.6,4.0,26.1,11.37,1736
2024-10-03,21.4,8.6,14.7,0.1,1.0,14.7,24.98,1737
2024-10-04,20.6,10.8,15.3,9.6,10.0,17.2,20.28,1738
2024-10-05,19.7,11.2,15.4,13.0,9.0,8.9,16.06,1739
2024-10-06,20.5,14.5,16.3,21.3,21.0,11.0,11.49,1740
2024-10-07,19.2,12.6,15.4,21.3,20.0,13.9,10.62,1741
2024-10-08,19.5,13.1,15.3,2.6,11.0,13.3,13.23,1742
2024-10-09,20.9,10.1,14.8,0.1,1.0,16.4,16.41,1743
2024-10-10,20.1,8.5,14.0,0.0,0.0,15.6,25.55,1744
2024-10-11,18.9,6.9,12.4,0.0,0.0,18.5,25.42,1745
2024-10-12,19.1,6.6,12.0,0.0,0.0,18.0,24.93,1746
2024-10-13,18.6,7.7,12.9,0.0,0.0,17.8,18.21,1747
2024-10-14,21.1,9.6,15.1,0.1,1.0,15.5,22.49,1748
2024-10-15,22.1,10.4,15.7,0.0,0.0,13.4,21.3,1749
2024-10-16,22.5,10.4,15.7,0.2,2.0,19.7,21.84,1750
2024-10-17,20.8,8.4,14.1,0.1,1.0,17.4,22.63,1751
2024-10-18,21.1,9.6,14.9,0.0,0.0,16.0,22.17,1752
2024-10-19,22.9,11.8,15.9,2.0,8.0,21.1,18.39,1753
2024-10-20,17.9,10.5,14.0,0.7,4.0,21.7,8.1,1754
2024-10-21,18.8,13.4,15.2,19.4,24.0,19.6,9.41,1755
2024-10-22,22.3,11.6,16.4,2.1,11.0,16.8,19.98,1756
2024-10-23,21.3,8.4,14.4,0.1,1.0,18.9,23.63,1757
2024-10-24,20.3,8.7,13.8,0.0,0.0,13.0,21.81,1758
2024-10-25,20.9,9.1,14.2,0.0,0.0,16.1,23.35,1759
2024-10-26,20.5,9.1,13.9,0.5,4.0,21.9,17.6,1760
2024-10-27,20.2,11.5,14.7,1.1,7.0,17.3,16.96,1761
2024-10-28,19.5,10.5,14.2,1.9,3.0,12.2,18.73,1762
2024-10-29,19.9,9.1,14.4,0.3,1.0,15.3,19.0,1763
2024-10-30,22.4,9.6,16.4,0.0,0.0,12.8,20.43,1764
2024-10-31,23.0,12.8,17.3,0.2,2.0,15.4,20.81,1765
2024-11-01,21.4,11.7,16.2,0.7,4.0,14.3,18.87,1766
2024-11-02,21.9,11.7,15.9,0.4,2.0,8.8,17.81,1767
2024-11-03,22.5,9.4,15.8,0.0,0.0,10.2,19.11,1768
2024-11-04,23.6,8.8,15.8,0.0,0.0,7.0,21.1,1769
2024-11-05,23.5,9.9,16.1,0.0,0.0,8.6,20.51,1770
2024-11-06,23.6,10.1,16.3,0.0,0.0,7.8,19.97,1771
2024-11-07,25.1,11.7,18.0,0.0,0.0,16.3,21.93,1772
2024-11-08,25.4,10.5,17.5,0.0,0.0,15.5,21.81,1773
2024-11-09,25.2,11.8,17.8,0.0,0.0,16.4,22.47,1774
2024-11-10,24.9,8.2,16.9,0.0,0.0,19.0,21.48,1775
2024-11-11,25.7,8.9,17.3,0.0,0.0,17.2,21.63,1776
2024-11-12,25.1,10.1,17.3,0.0,0.0,10.5,21.55,1777
2024-11-13,25.9,9.2,17.6,0.0,0.0,17.2,21.99,1778
2024-11-14,23.1,9.2,15.7,0.0,0.0,13.9,21.52,1779
2024-11-15,23.9,9.1,16.2,0.0,0.0,9.3,19.25,1780
2024-11-16,25.4,9.7,17.6,0.0,0.0,4.3,21.09,1781
2024-11-17,25.6,9.3,17.6,0.0,0.0,9.5,20.24,1782
2024-11-18,26.5,9.0,17.7,0.0,0.0,13.3,21.21,1783
2024-11-19,25.5,10.7,18.3,0.1,1.0,11.9,18.18,1784
2024-11-20,22.3,11.5,15.8,16.6,16.0,16.5,14.11,1785
2024-11-21,20.3,10.5,14.3,0.0,0.0,12.0,18.26,1786
2024-11-22,20.0,6.5,12.8,0.0,0.0,10.6,21.41,1787
2024-11-23,21.2,3.9,12.4,0.0,0.0,9.4,21.32,1788
2024-11-24,22.8,2.9,12.9,0.0,0.0,11.1,21.38,1789
2024-11-25,23.4,3.7,13.8,0.0,0.0,14.1,21.61,1790
2024-11-26,23.2,5.2,14.3,0.0,0.0,11.6,21.61,1791
2024-11-27,26.5,7.0,16.5,0.0,0.0,10.8,21.02,1792
2024-11-28,26.8,7.7,17.2,0.0,0.0,8.3,21.21,1793
2024-11-29,25.7,7.7,16.2,0.0,0.0,14.1,20.62,1794
2024-11-30,25.5,7.9,16.2,0.0,0.0,12.8,20.94,1795
2024-12-01,24.7,8.7,16.5,0.0,0.0,9.5,20.84,1796
2024-12-02,23.7,7.6,15.3,0.0,0.0,16.0,20.91,1797
2024-12-03,22.8,6.8,14.6,0.0,0.0,11.2,20.57,1798
2024-12-04,23.1,8.7,15.7,0.0,0.0,12.4,18.13,1799
2024-12-05,24.0,9.7,16.6,0.0,0.0,14.8,18.8,1800
2024-12-06,23.0,9.4,15.9,0.0,0.0,16.1,17.81,1801
2024-12-07,24.5,10.5,16.2,0.0,0.0,10.9,18.04,1802
2024-12-08,25.1,7.5,15.8,0.0,0.0,7.6,20.01,1803
2024-12-09,23.7,8.8,16.6,0.0,0.0,7.2,19.01,1804
2024-12-10,25.6,9.8,18.1,0.0,0.0,10.3,19.39,1805
2024-12-11,20.9,10.0,15.0,0.2,2.0,14.1,16.53,1806
2024-12-12,23.7,7.1,15.4,0.0,0.0,11.2,19.1,1807
2024-12-13,24.7,10.3,17.3,0.0,0.0,14.4,19.7,1808
2024-12-14,25.3,9.7,16.7,0.0,0.0,11.3,20.03,1809
2024-12-15,23.6,9.0,15.9,0.0,0.0,11.2,18.85,1810
2024-12-16,23.2,8.3,15.4,0.0,0.0,15.0,19.68,1811
2024-12-17,20.8,7.5,13.8,0.0,0.0,14.5,18.17,1812
2024-12-18,22.3,9.6,14.9,0.1,1.0,13.7,17.75,1813
2024-12-19,20.4,10.9,15.0,1.6,6.0,10.9,13.11,1814
2024-12-20,19.4,8.9,13.3,0.2,2.0,13.8,14.02,1815
2024-12-21,19.3,9.7,13.7,0.1,1.0,15.8,13.62,1816
2024-12-22,16.2,9.8,12.4,3.8,8.0,11.8,14.9,1817
2024-12-23,17.2,5.3,11.6,0.0,0.0,5.4,12.47,1818
2024-12-24,17.3,6.6,12.1,0.1,1.0,5.3,12.93,1819
2024-12-25,19.3,4.4,11.8,0.1,1.0,4.9,18.3,1820
2024-12-26,19.7,4.4,11.8,0.0,0.0,6.5,19.72,1821
2024-12-27,21.9,4.1,12.3,0.0,0.0,4.5,20.2,1822
2024-12-28,23.6,2.8,13.2,0.0,0.0,10.8,20.42,1823
2024-12-29,22.9,6.5,14.2,0.0,0.0,13.5,20.24,1824
2024-12-30,22.7,4.7,14.3,0.0,0.0,9.4,20.25,1825
2024-12-31,23.1,5.6,14.6,0.0,0.0,11.2,20.39,1826
